30,-15,SIOqXvaD4dflPaxD6tfji/WP+iE=,p7qJM646ZIvZZwPZiH90nz3kDhU=
31,-13,SIOqXvaD4dflPaxD6tfji/WP+iE=,p7qJM646ZIvZZwPZiH90nz3kDhU=
31,-14,SIOqXvaD4dflPaxD6tfji/WP+iE=,p7qJM646ZIvZZwPZiH90nz3kDhU=
30,-14,SIOqXvaD4dflPaxD6tfji/WP+iE=,p7qJM646ZIvZZwPZiH90nz3kDhU=
31,-15,SIOqXvaD4dflPaxD6tfji/WP+iE=,p7qJM646ZIvZZwPZiH90nz3kDhU=
31,-11,SIOqXvaD4dflPaxD6tfji/WP+iE=,p7qJM646ZIvZZwPZiH90nz3kDhU=
31,-12,SIOqXvaD4dflPaxD6tfji/WP+iE=,p7qJM646ZIvZZwPZiH90nz3kDhU=
31,-8,SIOqXvaD4dflPaxD6tfji/WP+iE=,wxk2mtt7Jx0yBdZG1CH6BiCWk7o=
31,-10,SIOqXvaD4dflPaxD6tfji/WP+iE=,p7qJM646ZIvZZwPZiH90nz3kDhU=
30,-11,SIOqXvaD4dflPaxD6tfji/WP+iE=,p7qJM646ZIvZZwPZiH90nz3kDhU=
31,-5,SIOqXvaD4dflPaxD6tfji/WP+iE=,wxk2mtt7Jx0yBdZG1CH6BiCWk7o=
30,-10,SIOqXvaD4dflPaxD6tfji/WP+iE=,p7qJM646ZIvZZwPZiH90nz3kDhU=
31,-9,SIOqXvaD4dflPaxD6tfji/WP+iE=,p7qJM646ZIvZZwPZiH90nz3kDhU=
28,-10,SIOqXvaD4dflPaxD6tfji/WP+iE=,p7qJM646ZIvZZwPZiH90nz3kDhU=
28,-11,SIOqXvaD4dflPaxD6tfji/WP+iE=,p7qJM646ZIvZZwPZiH90nz3kDhU=
29,-16,SIOqXvaD4dflPaxD6tfji/WP+iE=,p7qJM646ZIvZZwPZiH90nz3kDhU=
30,-16,SIOqXvaD4dflPaxD6tfji/WP+iE=,p7qJM646ZIvZZwPZiH90nz3kDhU=
29,-10,SIOqXvaD4dflPaxD6tfji/WP+iE=,p7qJM646ZIvZZwPZiH90nz3kDhU=
29,-11,SIOqXvaD4dflPaxD6tfji/WP+iE=,p7qJM646ZIvZZwPZiH90nz3kDhU=
28,-12,SIOqXvaD4dflPaxD6tfji/WP+iE=,p7qJM646ZIvZZwPZiH90nz3kDhU=
30,-12,SIOqXvaD4dflPaxD6tfji/WP+iE=,p7qJM646ZIvZZwPZiH90nz3kDhU=
29,-6,SIOqXvaD4dflPaxD6tfji/WP+iE=,wxk2mtt7Jx0yBdZG1CH6BiCWk7o=
29,-12,SIOqXvaD4dflPaxD6tfji/WP+iE=,p7qJM646ZIvZZwPZiH90nz3kDhU=
29,-7,SIOqXvaD4dflPaxD6tfji/WP+iE=,wxk2mtt7Jx0yBdZG1CH6BiCWk7o=
28,-7,SIOqXvaD4dflPaxD6tfji/WP+iE=,wxk2mtt7Jx0yBdZG1CH6BiCWk7o=
31,-6,SIOqXvaD4dflPaxD6tfji/WP+iE=,wxk2mtt7Jx0yBdZG1CH6BiCWk7o=
30,-6,SIOqXvaD4dflPaxD6tfji/WP+iE=,wxk2mtt7Jx0yBdZG1CH6BiCWk7o=
30,-7,SIOqXvaD4dflPaxD6tfji/WP+iE=,wxk2mtt7Jx0yBdZG1CH6BiCWk7o=
28,-6,SIOqXvaD4dflPaxD6tfji/WP+iE=,wxk2mtt7Jx0yBdZG1CH6BiCWk7o=
31,-7,SIOqXvaD4dflPaxD6tfji/WP+iE=,wxk2mtt7Jx0yBdZG1CH6BiCWk7o=
21,-9,SIOqXvaD4dflPaxD6tfji/WP+iE=,f3sIV/uIyQNM+eb02Tdl79YKULw=
23,-8,SIOqXvaD4dflPaxD6tfji/WP+iE=,015Km5gTEniNGP2MxEZUjUKc56k=
28,-5,SIOqXvaD4dflPaxD6tfji/WP+iE=,wxk2mtt7Jx0yBdZG1CH6BiCWk7o=
21,-10,SIOqXvaD4dflPaxD6tfji/WP+iE=,f3sIV/uIyQNM+eb02Tdl79YKULw=
30,-5,SIOqXvaD4dflPaxD6tfji/WP+iE=,wxk2mtt7Jx0yBdZG1CH6BiCWk7o=
28,-9,02z0YvYI3dO6IC8MXcGGX0ZCzgA=,p7qJM646ZIvZZwPZiH90nz3kDhU=
20,-10,02z0YvYI3dO6IC8MXcGGX0ZCzgA=,f3sIV/uIyQNM+eb02Tdl79YKULw=
30,-9,02z0YvYI3dO6IC8MXcGGX0ZCzgA=,p7qJM646ZIvZZwPZiH90nz3kDhU=
29,-5,02z0YvYI3dO6IC8MXcGGX0ZCzgA=,wxk2mtt7Jx0yBdZG1CH6BiCWk7o=
29,-9,02z0YvYI3dO6IC8MXcGGX0ZCzgA=,p7qJM646ZIvZZwPZiH90nz3kDhU=
30,-8,02z0YvYI3dO6IC8MXcGGX0ZCzgA=,wxk2mtt7Jx0yBdZG1CH6BiCWk7o=
24,-10,02z0YvYI3dO6IC8MXcGGX0ZCzgA=,p7qJM646ZIvZZwPZiH90nz3kDhU=
28,-8,02z0YvYI3dO6IC8MXcGGX0ZCzgA=,wxk2mtt7Jx0yBdZG1CH6BiCWk7o=
29,-8,02z0YvYI3dO6IC8MXcGGX0ZCzgA=,wxk2mtt7Jx0yBdZG1CH6BiCWk7o=
22,-8,02z0YvYI3dO6IC8MXcGGX0ZCzgA=,015Km5gTEniNGP2MxEZUjUKc56k=
24,-8,02z0YvYI3dO6IC8MXcGGX0ZCzgA=,wxk2mtt7Jx0yBdZG1CH6BiCWk7o=
20,-9,02z0YvYI3dO6IC8MXcGGX0ZCzgA=,f3sIV/uIyQNM+eb02Tdl79YKULw=
23,-12,02z0YvYI3dO6IC8MXcGGX0ZCzgA=,f3sIV/uIyQNM+eb02Tdl79YKULw=
21,-12,02z0YvYI3dO6IC8MXcGGX0ZCzgA=,f3sIV/uIyQNM+eb02Tdl79YKULw=
21,-8,02z0YvYI3dO6IC8MXcGGX0ZCzgA=,015Km5gTEniNGP2MxEZUjUKc56k=
22,-12,02z0YvYI3dO6IC8MXcGGX0ZCzgA=,f3sIV/uIyQNM+eb02Tdl79YKULw=
24,-11,02z0YvYI3dO6IC8MXcGGX0ZCzgA=,p7qJM646ZIvZZwPZiH90nz3kDhU=
26,-10,02z0YvYI3dO6IC8MXcGGX0ZCzgA=,p7qJM646ZIvZZwPZiH90nz3kDhU=
27,-11,02z0YvYI3dO6IC8MXcGGX0ZCzgA=,p7qJM646ZIvZZwPZiH90nz3kDhU=
25,-10,02z0YvYI3dO6IC8MXcGGX0ZCzgA=,p7qJM646ZIvZZwPZiH90nz3kDhU=
27,-12,02z0YvYI3dO6IC8MXcGGX0ZCzgA=,p7qJM646ZIvZZwPZiH90nz3kDhU=
27,-10,02z0YvYI3dO6IC8MXcGGX0ZCzgA=,p7qJM646ZIvZZwPZiH90nz3kDhU=
20,-12,02z0YvYI3dO6IC8MXcGGX0ZCzgA=,f3sIV/uIyQNM+eb02Tdl79YKULw=
26,-12,02z0YvYI3dO6IC8MXcGGX0ZCzgA=,p7qJM646ZIvZZwPZiH90nz3kDhU=
24,-12,02z0YvYI3dO6IC8MXcGGX0ZCzgA=,p7qJM646ZIvZZwPZiH90nz3kDhU=
25,-6,02z0YvYI3dO6IC8MXcGGX0ZCzgA=,wxk2mtt7Jx0yBdZG1CH6BiCWk7o=
26,-6,02z0YvYI3dO6IC8MXcGGX0ZCzgA=,wxk2mtt7Jx0yBdZG1CH6BiCWk7o=
27,-6,02z0YvYI3dO6IC8MXcGGX0ZCzgA=,wxk2mtt7Jx0yBdZG1CH6BiCWk7o=
25,-12,02z0YvYI3dO6IC8MXcGGX0ZCzgA=,p7qJM646ZIvZZwPZiH90nz3kDhU=
26,-9,02z0YvYI3dO6IC8MXcGGX0ZCzgA=,p7qJM646ZIvZZwPZiH90nz3kDhU=
25,-9,02z0YvYI3dO6IC8MXcGGX0ZCzgA=,p7qJM646ZIvZZwPZiH90nz3kDhU=
20,-8,02z0YvYI3dO6IC8MXcGGX0ZCzgA=,015Km5gTEniNGP2MxEZUjUKc56k=
25,-5,02z0YvYI3dO6IC8MXcGGX0ZCzgA=,wxk2mtt7Jx0yBdZG1CH6BiCWk7o=
26,-11,02z0YvYI3dO6IC8MXcGGX0ZCzgA=,p7qJM646ZIvZZwPZiH90nz3kDhU=
27,-5,02z0YvYI3dO6IC8MXcGGX0ZCzgA=,wxk2mtt7Jx0yBdZG1CH6BiCWk7o=
25,-11,02z0YvYI3dO6IC8MXcGGX0ZCzgA=,p7qJM646ZIvZZwPZiH90nz3kDhU=
26,-5,02z0YvYI3dO6IC8MXcGGX0ZCzgA=,wxk2mtt7Jx0yBdZG1CH6BiCWk7o=
25,-8,02z0YvYI3dO6IC8MXcGGX0ZCzgA=,wxk2mtt7Jx0yBdZG1CH6BiCWk7o=
25,-7,02z0YvYI3dO6IC8MXcGGX0ZCzgA=,wxk2mtt7Jx0yBdZG1CH6BiCWk7o=
27,-8,02z0YvYI3dO6IC8MXcGGX0ZCzgA=,wxk2mtt7Jx0yBdZG1CH6BiCWk7o=
26,-8,02z0YvYI3dO6IC8MXcGGX0ZCzgA=,wxk2mtt7Jx0yBdZG1CH6BiCWk7o=
27,-9,02z0YvYI3dO6IC8MXcGGX0ZCzgA=,p7qJM646ZIvZZwPZiH90nz3kDhU=
27,-7,02z0YvYI3dO6IC8MXcGGX0ZCzgA=,wxk2mtt7Jx0yBdZG1CH6BiCWk7o=
24,-6,02z0YvYI3dO6IC8MXcGGX0ZCzgA=,wxk2mtt7Jx0yBdZG1CH6BiCWk7o=
26,-7,02z0YvYI3dO6IC8MXcGGX0ZCzgA=,wxk2mtt7Jx0yBdZG1CH6BiCWk7o=
23,-7,02z0YvYI3dO6IC8MXcGGX0ZCzgA=,015Km5gTEniNGP2MxEZUjUKc56k=
20,-6,02z0YvYI3dO6IC8MXcGGX0ZCzgA=,015Km5gTEniNGP2MxEZUjUKc56k=
22,-7,02z0YvYI3dO6IC8MXcGGX0ZCzgA=,015Km5gTEniNGP2MxEZUjUKc56k=
23,-10,02z0YvYI3dO6IC8MXcGGX0ZCzgA=,f3sIV/uIyQNM+eb02Tdl79YKULw=
24,-5,02z0YvYI3dO6IC8MXcGGX0ZCzgA=,wxk2mtt7Jx0yBdZG1CH6BiCWk7o=
22,-6,02z0YvYI3dO6IC8MXcGGX0ZCzgA=,015Km5gTEniNGP2MxEZUjUKc56k=
20,-7,02z0YvYI3dO6IC8MXcGGX0ZCzgA=,015Km5gTEniNGP2MxEZUjUKc56k=
21,-7,02z0YvYI3dO6IC8MXcGGX0ZCzgA=,015Km5gTEniNGP2MxEZUjUKc56k=
20,-5,02z0YvYI3dO6IC8MXcGGX0ZCzgA=,015Km5gTEniNGP2MxEZUjUKc56k=
23,-6,02z0YvYI3dO6IC8MXcGGX0ZCzgA=,015Km5gTEniNGP2MxEZUjUKc56k=
21,-5,02z0YvYI3dO6IC8MXcGGX0ZCzgA=,015Km5gTEniNGP2MxEZUjUKc56k=
23,-5,02z0YvYI3dO6IC8MXcGGX0ZCzgA=,015Km5gTEniNGP2MxEZUjUKc56k=
24,-7,02z0YvYI3dO6IC8MXcGGX0ZCzgA=,wxk2mtt7Jx0yBdZG1CH6BiCWk7o=
21,-6,02z0YvYI3dO6IC8MXcGGX0ZCzgA=,015Km5gTEniNGP2MxEZUjUKc56k=
22,-5,02z0YvYI3dO6IC8MXcGGX0ZCzgA=,015Km5gTEniNGP2MxEZUjUKc56k=
22,-9,02z0YvYI3dO6IC8MXcGGX0ZCzgA=,f3sIV/uIyQNM+eb02Tdl79YKULw=
21,-11,02z0YvYI3dO6IC8MXcGGX0ZCzgA=,f3sIV/uIyQNM+eb02Tdl79YKULw=
23,-11,02z0YvYI3dO6IC8MXcGGX0ZCzgA=,f3sIV/uIyQNM+eb02Tdl79YKULw=
20,-11,02z0YvYI3dO6IC8MXcGGX0ZCzgA=,f3sIV/uIyQNM+eb02Tdl79YKULw=
22,-11,02z0YvYI3dO6IC8MXcGGX0ZCzgA=,f3sIV/uIyQNM+eb02Tdl79YKULw=
22,-10,02z0YvYI3dO6IC8MXcGGX0ZCzgA=,f3sIV/uIyQNM+eb02Tdl79YKULw=
24,-9,02z0YvYI3dO6IC8MXcGGX0ZCzgA=,p7qJM646ZIvZZwPZiH90nz3kDhU=
23,-9,02z0YvYI3dO6IC8MXcGGX0ZCzgA=,f3sIV/uIyQNM+eb02Tdl79YKULw=
31,-16,02z0YvYI3dO6IC8MXcGGX0ZCzgA=,p7qJM646ZIvZZwPZiH90nz3kDhU=
23,-16,02z0YvYI3dO6IC8MXcGGX0ZCzgA=,f3sIV/uIyQNM+eb02Tdl79YKULw=
26,-15,02z0YvYI3dO6IC8MXcGGX0ZCzgA=,p7qJM646ZIvZZwPZiH90nz3kDhU=
27,-13,02z0YvYI3dO6IC8MXcGGX0ZCzgA=,p7qJM646ZIvZZwPZiH90nz3kDhU=
20,-16,02z0YvYI3dO6IC8MXcGGX0ZCzgA=,f3sIV/uIyQNM+eb02Tdl79YKULw=
21,-16,02z0YvYI3dO6IC8MXcGGX0ZCzgA=,f3sIV/uIyQNM+eb02Tdl79YKULw=
28,-16,02z0YvYI3dO6IC8MXcGGX0ZCzgA=,p7qJM646ZIvZZwPZiH90nz3kDhU=
26,-13,02z0YvYI3dO6IC8MXcGGX0ZCzgA=,p7qJM646ZIvZZwPZiH90nz3kDhU=
27,-15,02z0YvYI3dO6IC8MXcGGX0ZCzgA=,p7qJM646ZIvZZwPZiH90nz3kDhU=
27,-14,02z0YvYI3dO6IC8MXcGGX0ZCzgA=,p7qJM646ZIvZZwPZiH90nz3kDhU=
16,-9,02z0YvYI3dO6IC8MXcGGX0ZCzgA=,f3sIV/uIyQNM+eb02Tdl79YKULw=
24,-16,02z0YvYI3dO6IC8MXcGGX0ZCzgA=,p7qJM646ZIvZZwPZiH90nz3kDhU=
25,-15,02z0YvYI3dO6IC8MXcGGX0ZCzgA=,p7qJM646ZIvZZwPZiH90nz3kDhU=
26,-14,02z0YvYI3dO6IC8MXcGGX0ZCzgA=,p7qJM646ZIvZZwPZiH90nz3kDhU=
27,-16,02z0YvYI3dO6IC8MXcGGX0ZCzgA=,p7qJM646ZIvZZwPZiH90nz3kDhU=
25,-13,02z0YvYI3dO6IC8MXcGGX0ZCzgA=,p7qJM646ZIvZZwPZiH90nz3kDhU=
26,-16,02z0YvYI3dO6IC8MXcGGX0ZCzgA=,p7qJM646ZIvZZwPZiH90nz3kDhU=
16,-12,02z0YvYI3dO6IC8MXcGGX0ZCzgA=,f3sIV/uIyQNM+eb02Tdl79YKULw=
24,-15,02z0YvYI3dO6IC8MXcGGX0ZCzgA=,p7qJM646ZIvZZwPZiH90nz3kDhU=
25,-16,02z0YvYI3dO6IC8MXcGGX0ZCzgA=,p7qJM646ZIvZZwPZiH90nz3kDhU=
25,-14,02z0YvYI3dO6IC8MXcGGX0ZCzgA=,p7qJM646ZIvZZwPZiH90nz3kDhU=
22,-16,02z0YvYI3dO6IC8MXcGGX0ZCzgA=,f3sIV/uIyQNM+eb02Tdl79YKULw=
16,-11,02z0YvYI3dO6IC8MXcGGX0ZCzgA=,f3sIV/uIyQNM+eb02Tdl79YKULw=
16,-10,02z0YvYI3dO6IC8MXcGGX0ZCzgA=,f3sIV/uIyQNM+eb02Tdl79YKULw=
23,-14,02z0YvYI3dO6IC8MXcGGX0ZCzgA=,f3sIV/uIyQNM+eb02Tdl79YKULw=
24,-14,02z0YvYI3dO6IC8MXcGGX0ZCzgA=,p7qJM646ZIvZZwPZiH90nz3kDhU=
28,-14,02z0YvYI3dO6IC8MXcGGX0ZCzgA=,p7qJM646ZIvZZwPZiH90nz3kDhU=
22,-15,02z0YvYI3dO6IC8MXcGGX0ZCzgA=,f3sIV/uIyQNM+eb02Tdl79YKULw=
20,-15,02z0YvYI3dO6IC8MXcGGX0ZCzgA=,f3sIV/uIyQNM+eb02Tdl79YKULw=
20,-14,02z0YvYI3dO6IC8MXcGGX0ZCzgA=,f3sIV/uIyQNM+eb02Tdl79YKULw=
21,-15,02z0YvYI3dO6IC8MXcGGX0ZCzgA=,f3sIV/uIyQNM+eb02Tdl79YKULw=
24,-13,02z0YvYI3dO6IC8MXcGGX0ZCzgA=,p7qJM646ZIvZZwPZiH90nz3kDhU=
17,-9,02z0YvYI3dO6IC8MXcGGX0ZCzgA=,f3sIV/uIyQNM+eb02Tdl79YKULw=
23,-13,02z0YvYI3dO6IC8MXcGGX0ZCzgA=,f3sIV/uIyQNM+eb02Tdl79YKULw=
21,-14,02z0YvYI3dO6IC8MXcGGX0ZCzgA=,f3sIV/uIyQNM+eb02Tdl79YKULw=
29,-15,02z0YvYI3dO6IC8MXcGGX0ZCzgA=,p7qJM646ZIvZZwPZiH90nz3kDhU=
18,-9,02z0YvYI3dO6IC8MXcGGX0ZCzgA=,f3sIV/uIyQNM+eb02Tdl79YKULw=
22,-13,rxD9E9esPzjW3zmdGpM3F88yM28=,f3sIV/uIyQNM+eb02Tdl79YKULw=
22,-14,rxD9E9esPzjW3zmdGpM3F88yM28=,f3sIV/uIyQNM+eb02Tdl79YKULw=
17,-11,rxD9E9esPzjW3zmdGpM3F88yM28=,f3sIV/uIyQNM+eb02Tdl79YKULw=
30,-13,rxD9E9esPzjW3zmdGpM3F88yM28=,p7qJM646ZIvZZwPZiH90nz3kDhU=
20,-13,rxD9E9esPzjW3zmdGpM3F88yM28=,f3sIV/uIyQNM+eb02Tdl79YKULw=
23,-15,rxD9E9esPzjW3zmdGpM3F88yM28=,f3sIV/uIyQNM+eb02Tdl79YKULw=
28,-15,rxD9E9esPzjW3zmdGpM3F88yM28=,p7qJM646ZIvZZwPZiH90nz3kDhU=
21,-13,rxD9E9esPzjW3zmdGpM3F88yM28=,f3sIV/uIyQNM+eb02Tdl79YKULw=
18,-11,rxD9E9esPzjW3zmdGpM3F88yM28=,f3sIV/uIyQNM+eb02Tdl79YKULw=
17,-10,rxD9E9esPzjW3zmdGpM3F88yM28=,f3sIV/uIyQNM+eb02Tdl79YKULw=
19,-10,rxD9E9esPzjW3zmdGpM3F88yM28=,f3sIV/uIyQNM+eb02Tdl79YKULw=
18,-10,rxD9E9esPzjW3zmdGpM3F88yM28=,f3sIV/uIyQNM+eb02Tdl79YKULw=
19,-12,rxD9E9esPzjW3zmdGpM3F88yM28=,f3sIV/uIyQNM+eb02Tdl79YKULw=
18,-12,rxD9E9esPzjW3zmdGpM3F88yM28=,f3sIV/uIyQNM+eb02Tdl79YKULw=
17,-12,rxD9E9esPzjW3zmdGpM3F88yM28=,f3sIV/uIyQNM+eb02Tdl79YKULw=
19,-11,rxD9E9esPzjW3zmdGpM3F88yM28=,f3sIV/uIyQNM+eb02Tdl79YKULw=
19,-9,rxD9E9esPzjW3zmdGpM3F88yM28=,f3sIV/uIyQNM+eb02Tdl79YKULw=
29,-13,rxD9E9esPzjW3zmdGpM3F88yM28=,p7qJM646ZIvZZwPZiH90nz3kDhU=
16,-1,rxD9E9esPzjW3zmdGpM3F88yM28=,015Km5gTEniNGP2MxEZUjUKc56k=
29,-14,rxD9E9esPzjW3zmdGpM3F88yM28=,p7qJM646ZIvZZwPZiH90nz3kDhU=
28,-13,rxD9E9esPzjW3zmdGpM3F88yM28=,p7qJM646ZIvZZwPZiH90nz3kDhU=
19,-7,rxD9E9esPzjW3zmdGpM3F88yM28=,015Km5gTEniNGP2MxEZUjUKc56k=
17,-7,rxD9E9esPzjW3zmdGpM3F88yM28=,015Km5gTEniNGP2MxEZUjUKc56k=
16,-16,rxD9E9esPzjW3zmdGpM3F88yM28=,f3sIV/uIyQNM+eb02Tdl79YKULw=
17,-6,rxD9E9esPzjW3zmdGpM3F88yM28=,015Km5gTEniNGP2MxEZUjUKc56k=
19,-16,rxD9E9esPzjW3zmdGpM3F88yM28=,f3sIV/uIyQNM+eb02Tdl79YKULw=
17,-14,rxD9E9esPzjW3zmdGpM3F88yM28=,f3sIV/uIyQNM+eb02Tdl79YKULw=
19,-6,rxD9E9esPzjW3zmdGpM3F88yM28=,015Km5gTEniNGP2MxEZUjUKc56k=
17,-5,rxD9E9esPzjW3zmdGpM3F88yM28=,015Km5gTEniNGP2MxEZUjUKc56k=
18,-14,rxD9E9esPzjW3zmdGpM3F88yM28=,f3sIV/uIyQNM+eb02Tdl79YKULw=
18,-15,rxD9E9esPzjW3zmdGpM3F88yM28=,f3sIV/uIyQNM+eb02Tdl79YKULw=
17,-15,rxD9E9esPzjW3zmdGpM3F88yM28=,f3sIV/uIyQNM+eb02Tdl79YKULw=
17,-16,rxD9E9esPzjW3zmdGpM3F88yM28=,f3sIV/uIyQNM+eb02Tdl79YKULw=
17,-13,rxD9E9esPzjW3zmdGpM3F88yM28=,f3sIV/uIyQNM+eb02Tdl79YKULw=
18,-6,rxD9E9esPzjW3zmdGpM3F88yM28=,015Km5gTEniNGP2MxEZUjUKc56k=
18,-5,rxD9E9esPzjW3zmdGpM3F88yM28=,015Km5gTEniNGP2MxEZUjUKc56k=
19,-13,rxD9E9esPzjW3zmdGpM3F88yM28=,f3sIV/uIyQNM+eb02Tdl79YKULw=
18,-16,rxD9E9esPzjW3zmdGpM3F88yM28=,f3sIV/uIyQNM+eb02Tdl79YKULw=
19,-15,rxD9E9esPzjW3zmdGpM3F88yM28=,f3sIV/uIyQNM+eb02Tdl79YKULw=
16,-2,rxD9E9esPzjW3zmdGpM3F88yM28=,015Km5gTEniNGP2MxEZUjUKc56k=
16,-14,rxD9E9esPzjW3zmdGpM3F88yM28=,f3sIV/uIyQNM+eb02Tdl79YKULw=
18,-13,rxD9E9esPzjW3zmdGpM3F88yM28=,f3sIV/uIyQNM+eb02Tdl79YKULw=
16,-13,rxD9E9esPzjW3zmdGpM3F88yM28=,f3sIV/uIyQNM+eb02Tdl79YKULw=
16,-15,rxD9E9esPzjW3zmdGpM3F88yM28=,f3sIV/uIyQNM+eb02Tdl79YKULw=
17,-3,rxD9E9esPzjW3zmdGpM3F88yM28=,015Km5gTEniNGP2MxEZUjUKc56k=
18,-7,rxD9E9esPzjW3zmdGpM3F88yM28=,015Km5gTEniNGP2MxEZUjUKc56k=
23,-1,rxD9E9esPzjW3zmdGpM3F88yM28=,015Km5gTEniNGP2MxEZUjUKc56k=
16,-3,rxD9E9esPzjW3zmdGpM3F88yM28=,015Km5gTEniNGP2MxEZUjUKc56k=
22,-1,rxD9E9esPzjW3zmdGpM3F88yM28=,015Km5gTEniNGP2MxEZUjUKc56k=
17,-8,rxD9E9esPzjW3zmdGpM3F88yM28=,015Km5gTEniNGP2MxEZUjUKc56k=
17,-2,rxD9E9esPzjW3zmdGpM3F88yM28=,015Km5gTEniNGP2MxEZUjUKc56k=
18,-3,rxD9E9esPzjW3zmdGpM3F88yM28=,015Km5gTEniNGP2MxEZUjUKc56k=
19,-4,rxD9E9esPzjW3zmdGpM3F88yM28=,015Km5gTEniNGP2MxEZUjUKc56k=
29,-1,rxD9E9esPzjW3zmdGpM3F88yM28=,wxk2mtt7Jx0yBdZG1CH6BiCWk7o=
19,-2,rxD9E9esPzjW3zmdGpM3F88yM28=,015Km5gTEniNGP2MxEZUjUKc56k=
18,-2,rxD9E9esPzjW3zmdGpM3F88yM28=,015Km5gTEniNGP2MxEZUjUKc56k=
30,-1,rxD9E9esPzjW3zmdGpM3F88yM28=,wxk2mtt7Jx0yBdZG1CH6BiCWk7o=
27,-1,rxD9E9esPzjW3zmdGpM3F88yM28=,wxk2mtt7Jx0yBdZG1CH6BiCWk7o=
19,-8,rxD9E9esPzjW3zmdGpM3F88yM28=,015Km5gTEniNGP2MxEZUjUKc56k=
19,-14,rxD9E9esPzjW3zmdGpM3F88yM28=,f3sIV/uIyQNM+eb02Tdl79YKULw=
17,-1,rxD9E9esPzjW3zmdGpM3F88yM28=,015Km5gTEniNGP2MxEZUjUKc56k=
18,-8,rxD9E9esPzjW3zmdGpM3F88yM28=,015Km5gTEniNGP2MxEZUjUKc56k=
25,-4,rxD9E9esPzjW3zmdGpM3F88yM28=,wxk2mtt7Jx0yBdZG1CH6BiCWk7o=
31,-1,rxD9E9esPzjW3zmdGpM3F88yM28=,wxk2mtt7Jx0yBdZG1CH6BiCWk7o=
17,-4,rxD9E9esPzjW3zmdGpM3F88yM28=,015Km5gTEniNGP2MxEZUjUKc56k=
18,-4,rxD9E9esPzjW3zmdGpM3F88yM28=,015Km5gTEniNGP2MxEZUjUKc56k=
18,-1,rxD9E9esPzjW3zmdGpM3F88yM28=,015Km5gTEniNGP2MxEZUjUKc56k=
27,-4,rxD9E9esPzjW3zmdGpM3F88yM28=,wxk2mtt7Jx0yBdZG1CH6BiCWk7o=
29,-4,rxD9E9esPzjW3zmdGpM3F88yM28=,wxk2mtt7Jx0yBdZG1CH6BiCWk7o=
30,-4,rxD9E9esPzjW3zmdGpM3F88yM28=,wxk2mtt7Jx0yBdZG1CH6BiCWk7o=
26,-4,rxD9E9esPzjW3zmdGpM3F88yM28=,wxk2mtt7Jx0yBdZG1CH6BiCWk7o=
26,-1,rxD9E9esPzjW3zmdGpM3F88yM28=,wxk2mtt7Jx0yBdZG1CH6BiCWk7o=
25,-1,rxD9E9esPzjW3zmdGpM3F88yM28=,wxk2mtt7Jx0yBdZG1CH6BiCWk7o=
24,-2,rxD9E9esPzjW3zmdGpM3F88yM28=,wxk2mtt7Jx0yBdZG1CH6BiCWk7o=
25,-3,rxD9E9esPzjW3zmdGpM3F88yM28=,wxk2mtt7Jx0yBdZG1CH6BiCWk7o=
19,-5,rxD9E9esPzjW3zmdGpM3F88yM28=,015Km5gTEniNGP2MxEZUjUKc56k=
26,-3,rxD9E9esPzjW3zmdGpM3F88yM28=,wxk2mtt7Jx0yBdZG1CH6BiCWk7o=
27,-3,rxD9E9esPzjW3zmdGpM3F88yM28=,wxk2mtt7Jx0yBdZG1CH6BiCWk7o=
19,-1,rxD9E9esPzjW3zmdGpM3F88yM28=,015Km5gTEniNGP2MxEZUjUKc56k=
16,-4,rxD9E9esPzjW3zmdGpM3F88yM28=,015Km5gTEniNGP2MxEZUjUKc56k=
28,-3,rxD9E9esPzjW3zmdGpM3F88yM28=,wxk2mtt7Jx0yBdZG1CH6BiCWk7o=
30,-3,rxD9E9esPzjW3zmdGpM3F88yM28=,wxk2mtt7Jx0yBdZG1CH6BiCWk7o=
25,-2,rxD9E9esPzjW3zmdGpM3F88yM28=,wxk2mtt7Jx0yBdZG1CH6BiCWk7o=
29,-3,rxD9E9esPzjW3zmdGpM3F88yM28=,wxk2mtt7Jx0yBdZG1CH6BiCWk7o=
24,-3,rxD9E9esPzjW3zmdGpM3F88yM28=,wxk2mtt7Jx0yBdZG1CH6BiCWk7o=
20,-4,rxD9E9esPzjW3zmdGpM3F88yM28=,015Km5gTEniNGP2MxEZUjUKc56k=
27,-2,rxD9E9esPzjW3zmdGpM3F88yM28=,wxk2mtt7Jx0yBdZG1CH6BiCWk7o=
16,-6,rxD9E9esPzjW3zmdGpM3F88yM28=,015Km5gTEniNGP2MxEZUjUKc56k=
28,-2,rxD9E9esPzjW3zmdGpM3F88yM28=,wxk2mtt7Jx0yBdZG1CH6BiCWk7o=
31,-4,rxD9E9esPzjW3zmdGpM3F88yM28=,wxk2mtt7Jx0yBdZG1CH6BiCWk7o=
30,-2,rxD9E9esPzjW3zmdGpM3F88yM28=,wxk2mtt7Jx0yBdZG1CH6BiCWk7o=
29,-2,rxD9E9esPzjW3zmdGpM3F88yM28=,wxk2mtt7Jx0yBdZG1CH6BiCWk7o=
21,-4,rxD9E9esPzjW3zmdGpM3F88yM28=,015Km5gTEniNGP2MxEZUjUKc56k=
31,-3,rxD9E9esPzjW3zmdGpM3F88yM28=,wxk2mtt7Jx0yBdZG1CH6BiCWk7o=
24,-4,rxD9E9esPzjW3zmdGpM3F88yM28=,wxk2mtt7Jx0yBdZG1CH6BiCWk7o=
26,-2,rxD9E9esPzjW3zmdGpM3F88yM28=,wxk2mtt7Jx0yBdZG1CH6BiCWk7o=
22,-4,rxD9E9esPzjW3zmdGpM3F88yM28=,015Km5gTEniNGP2MxEZUjUKc56k=
23,-4,rxD9E9esPzjW3zmdGpM3F88yM28=,015Km5gTEniNGP2MxEZUjUKc56k=
20,-3,rxD9E9esPzjW3zmdGpM3F88yM28=,015Km5gTEniNGP2MxEZUjUKc56k=
31,-2,rxD9E9esPzjW3zmdGpM3F88yM28=,wxk2mtt7Jx0yBdZG1CH6BiCWk7o=
21,-3,rxD9E9esPzjW3zmdGpM3F88yM28=,015Km5gTEniNGP2MxEZUjUKc56k=
28,-1,rxD9E9esPzjW3zmdGpM3F88yM28=,wxk2mtt7Jx0yBdZG1CH6BiCWk7o=
19,-3,rxD9E9esPzjW3zmdGpM3F88yM28=,015Km5gTEniNGP2MxEZUjUKc56k=
21,-1,rxD9E9esPzjW3zmdGpM3F88yM28=,015Km5gTEniNGP2MxEZUjUKc56k=
23,-3,rxD9E9esPzjW3zmdGpM3F88yM28=,015Km5gTEniNGP2MxEZUjUKc56k=
22,-3,rxD9E9esPzjW3zmdGpM3F88yM28=,015Km5gTEniNGP2MxEZUjUKc56k=
24,-1,rxD9E9esPzjW3zmdGpM3F88yM28=,wxk2mtt7Jx0yBdZG1CH6BiCWk7o=
20,-2,rxD9E9esPzjW3zmdGpM3F88yM28=,015Km5gTEniNGP2MxEZUjUKc56k=
21,-2,rxD9E9esPzjW3zmdGpM3F88yM28=,015Km5gTEniNGP2MxEZUjUKc56k=
22,-2,rxD9E9esPzjW3zmdGpM3F88yM28=,015Km5gTEniNGP2MxEZUjUKc56k=
28,-4,rxD9E9esPzjW3zmdGpM3F88yM28=,wxk2mtt7Jx0yBdZG1CH6BiCWk7o=
20,-1,rxD9E9esPzjW3zmdGpM3F88yM28=,015Km5gTEniNGP2MxEZUjUKc56k=
23,-2,rxD9E9esPzjW3zmdGpM3F88yM28=,015Km5gTEniNGP2MxEZUjUKc56k=
16,-8,rxD9E9esPzjW3zmdGpM3F88yM28=,015Km5gTEniNGP2MxEZUjUKc56k=
16,-7,rxD9E9esPzjW3zmdGpM3F88yM28=,015Km5gTEniNGP2MxEZUjUKc56k=
16,-5,rxD9E9esPzjW3zmdGpM3F88yM28=,015Km5gTEniNGP2MxEZUjUKc56k=
28,-23,rxD9E9esPzjW3zmdGpM3F88yM28=,5S1ARvwaSGF5I26CbMpxTye/i3Y=
30,-17,rxD9E9esPzjW3zmdGpM3F88yM28=,5S1ARvwaSGF5I26CbMpxTye/i3Y=
27,-23,rxD9E9esPzjW3zmdGpM3F88yM28=,5S1ARvwaSGF5I26CbMpxTye/i3Y=
29,-17,rxD9E9esPzjW3zmdGpM3F88yM28=,5S1ARvwaSGF5I26CbMpxTye/i3Y=
26,-23,rxD9E9esPzjW3zmdGpM3F88yM28=,5S1ARvwaSGF5I26CbMpxTye/i3Y=
25,-23,rxD9E9esPzjW3zmdGpM3F88yM28=,5S1ARvwaSGF5I26CbMpxTye/i3Y=
30,-24,rxD9E9esPzjW3zmdGpM3F88yM28=,5S1ARvwaSGF5I26CbMpxTye/i3Y=
30,-18,rxD9E9esPzjW3zmdGpM3F88yM28=,5S1ARvwaSGF5I26CbMpxTye/i3Y=
29,-24,rxD9E9esPzjW3zmdGpM3F88yM28=,5S1ARvwaSGF5I26CbMpxTye/i3Y=
29,-18,rxD9E9esPzjW3zmdGpM3F88yM28=,5S1ARvwaSGF5I26CbMpxTye/i3Y=
28,-24,rxD9E9esPzjW3zmdGpM3F88yM28=,5S1ARvwaSGF5I26CbMpxTye/i3Y=
27,-24,rxD9E9esPzjW3zmdGpM3F88yM28=,5S1ARvwaSGF5I26CbMpxTye/i3Y=
26,-24,rxD9E9esPzjW3zmdGpM3F88yM28=,5S1ARvwaSGF5I26CbMpxTye/i3Y=
30,-19,rxD9E9esPzjW3zmdGpM3F88yM28=,5S1ARvwaSGF5I26CbMpxTye/i3Y=
25,-24,rxD9E9esPzjW3zmdGpM3F88yM28=,5S1ARvwaSGF5I26CbMpxTye/i3Y=
29,-19,rxD9E9esPzjW3zmdGpM3F88yM28=,5S1ARvwaSGF5I26CbMpxTye/i3Y=
28,-19,rxD9E9esPzjW3zmdGpM3F88yM28=,5S1ARvwaSGF5I26CbMpxTye/i3Y=
30,-20,rxD9E9esPzjW3zmdGpM3F88yM28=,5S1ARvwaSGF5I26CbMpxTye/i3Y=
29,-20,rxD9E9esPzjW3zmdGpM3F88yM28=,5S1ARvwaSGF5I26CbMpxTye/i3Y=
28,-20,rxD9E9esPzjW3zmdGpM3F88yM28=,5S1ARvwaSGF5I26CbMpxTye/i3Y=
27,-20,rxD9E9esPzjW3zmdGpM3F88yM28=,5S1ARvwaSGF5I26CbMpxTye/i3Y=
30,-21,rxD9E9esPzjW3zmdGpM3F88yM28=,5S1ARvwaSGF5I26CbMpxTye/i3Y=
29,-21,rxD9E9esPzjW3zmdGpM3F88yM28=,5S1ARvwaSGF5I26CbMpxTye/i3Y=
28,-21,rxD9E9esPzjW3zmdGpM3F88yM28=,5S1ARvwaSGF5I26CbMpxTye/i3Y=
26,-21,rxD9E9esPzjW3zmdGpM3F88yM28=,5S1ARvwaSGF5I26CbMpxTye/i3Y=
30,-22,rxD9E9esPzjW3zmdGpM3F88yM28=,5S1ARvwaSGF5I26CbMpxTye/i3Y=
29,-22,rxD9E9esPzjW3zmdGpM3F88yM28=,5S1ARvwaSGF5I26CbMpxTye/i3Y=
28,-22,rxD9E9esPzjW3zmdGpM3F88yM28=,5S1ARvwaSGF5I26CbMpxTye/i3Y=
27,-22,rxD9E9esPzjW3zmdGpM3F88yM28=,5S1ARvwaSGF5I26CbMpxTye/i3Y=
26,-22,rxD9E9esPzjW3zmdGpM3F88yM28=,5S1ARvwaSGF5I26CbMpxTye/i3Y=
25,-22,rxD9E9esPzjW3zmdGpM3F88yM28=,5S1ARvwaSGF5I26CbMpxTye/i3Y=
30,-23,rxD9E9esPzjW3zmdGpM3F88yM28=,5S1ARvwaSGF5I26CbMpxTye/i3Y=
29,-23,rxD9E9esPzjW3zmdGpM3F88yM28=,5S1ARvwaSGF5I26CbMpxTye/i3Y=
18,-30,rxD9E9esPzjW3zmdGpM3F88yM28=,JRf4MqVhpp0L6A1cjkv1h9EvGmU=
22,-27,rxD9E9esPzjW3zmdGpM3F88yM28=,JRf4MqVhpp0L6A1cjkv1h9EvGmU=
23,-27,rxD9E9esPzjW3zmdGpM3F88yM28=,JRf4MqVhpp0L6A1cjkv1h9EvGmU=
22,-26,rxD9E9esPzjW3zmdGpM3F88yM28=,JRf4MqVhpp0L6A1cjkv1h9EvGmU=
19,-30,rxD9E9esPzjW3zmdGpM3F88yM28=,JRf4MqVhpp0L6A1cjkv1h9EvGmU=
23,-26,rxD9E9esPzjW3zmdGpM3F88yM28=,JRf4MqVhpp0L6A1cjkv1h9EvGmU=
17,-29,rxD9E9esPzjW3zmdGpM3F88yM28=,JRf4MqVhpp0L6A1cjkv1h9EvGmU=
18,-29,rxD9E9esPzjW3zmdGpM3F88yM28=,JRf4MqVhpp0L6A1cjkv1h9EvGmU=
19,-28,rxD9E9esPzjW3zmdGpM3F88yM28=,JRf4MqVhpp0L6A1cjkv1h9EvGmU=
19,-29,rxD9E9esPzjW3zmdGpM3F88yM28=,JRf4MqVhpp0L6A1cjkv1h9EvGmU=
20,-27,rxD9E9esPzjW3zmdGpM3F88yM28=,JRf4MqVhpp0L6A1cjkv1h9EvGmU=
21,-27,rxD9E9esPzjW3zmdGpM3F88yM28=,JRf4MqVhpp0L6A1cjkv1h9EvGmU=
17,-31,rxD9E9esPzjW3zmdGpM3F88yM28=,JRf4MqVhpp0L6A1cjkv1h9EvGmU=
18,-31,rxD9E9esPzjW3zmdGpM3F88yM28=,JRf4MqVhpp0L6A1cjkv1h9EvGmU=
19,-31,rxD9E9esPzjW3zmdGpM3F88yM28=,JRf4MqVhpp0L6A1cjkv1h9EvGmU=
20,-31,rxD9E9esPzjW3zmdGpM3F88yM28=,JRf4MqVhpp0L6A1cjkv1h9EvGmU=
21,-31,rxD9E9esPzjW3zmdGpM3F88yM28=,JRf4MqVhpp0L6A1cjkv1h9EvGmU=
22,-31,rxD9E9esPzjW3zmdGpM3F88yM28=,JRf4MqVhpp0L6A1cjkv1h9EvGmU=
23,-31,rxD9E9esPzjW3zmdGpM3F88yM28=,JRf4MqVhpp0L6A1cjkv1h9EvGmU=
17,-30,rxD9E9esPzjW3zmdGpM3F88yM28=,JRf4MqVhpp0L6A1cjkv1h9EvGmU=
16,-30,rxD9E9esPzjW3zmdGpM3F88yM28=,JRf4MqVhpp0L6A1cjkv1h9EvGmU=
16,-31,rxD9E9esPzjW3zmdGpM3F88yM28=,JRf4MqVhpp0L6A1cjkv1h9EvGmU=
18,-32,rxD9E9esPzjW3zmdGpM3F88yM28=,JRf4MqVhpp0L6A1cjkv1h9EvGmU=
17,-32,rxD9E9esPzjW3zmdGpM3F88yM28=,JRf4MqVhpp0L6A1cjkv1h9EvGmU=
20,-32,rxD9E9esPzjW3zmdGpM3F88yM28=,JRf4MqVhpp0L6A1cjkv1h9EvGmU=
21,-32,rxD9E9esPzjW3zmdGpM3F88yM28=,JRf4MqVhpp0L6A1cjkv1h9EvGmU=
19,-32,rxD9E9esPzjW3zmdGpM3F88yM28=,JRf4MqVhpp0L6A1cjkv1h9EvGmU=
22,-32,rxD9E9esPzjW3zmdGpM3F88yM28=,JRf4MqVhpp0L6A1cjkv1h9EvGmU=
23,-32,rxD9E9esPzjW3zmdGpM3F88yM28=,JRf4MqVhpp0L6A1cjkv1h9EvGmU=
31,-23,rxD9E9esPzjW3zmdGpM3F88yM28=,5S1ARvwaSGF5I26CbMpxTye/i3Y=
31,-22,rxD9E9esPzjW3zmdGpM3F88yM28=,5S1ARvwaSGF5I26CbMpxTye/i3Y=
31,-21,rxD9E9esPzjW3zmdGpM3F88yM28=,5S1ARvwaSGF5I26CbMpxTye/i3Y=
31,-20,rxD9E9esPzjW3zmdGpM3F88yM28=,5S1ARvwaSGF5I26CbMpxTye/i3Y=
31,-19,rxD9E9esPzjW3zmdGpM3F88yM28=,5S1ARvwaSGF5I26CbMpxTye/i3Y=
31,-18,rxD9E9esPzjW3zmdGpM3F88yM28=,5S1ARvwaSGF5I26CbMpxTye/i3Y=
31,-17,rxD9E9esPzjW3zmdGpM3F88yM28=,5S1ARvwaSGF5I26CbMpxTye/i3Y=
31,-24,rxD9E9esPzjW3zmdGpM3F88yM28=,5S1ARvwaSGF5I26CbMpxTye/i3Y=
28,-18,rxD9E9esPzjW3zmdGpM3F88yM28=,5S1ARvwaSGF5I26CbMpxTye/i3Y=
20,-29,rxD9E9esPzjW3zmdGpM3F88yM28=,JRf4MqVhpp0L6A1cjkv1h9EvGmU=
16,-32,rxD9E9esPzjW3zmdGpM3F88yM28=,JRf4MqVhpp0L6A1cjkv1h9EvGmU=
23,-29,rxD9E9esPzjW3zmdGpM3F88yM28=,JRf4MqVhpp0L6A1cjkv1h9EvGmU=
23,-30,rxD9E9esPzjW3zmdGpM3F88yM28=,JRf4MqVhpp0L6A1cjkv1h9EvGmU=
20,-30,rxD9E9esPzjW3zmdGpM3F88yM28=,JRf4MqVhpp0L6A1cjkv1h9EvGmU=
16,-29,rxD9E9esPzjW3zmdGpM3F88yM28=,JRf4MqVhpp0L6A1cjkv1h9EvGmU=
22,-29,rxD9E9esPzjW3zmdGpM3F88yM28=,JRf4MqVhpp0L6A1cjkv1h9EvGmU=
21,-29,rxD9E9esPzjW3zmdGpM3F88yM28=,JRf4MqVhpp0L6A1cjkv1h9EvGmU=
22,-30,rxD9E9esPzjW3zmdGpM3F88yM28=,JRf4MqVhpp0L6A1cjkv1h9EvGmU=
21,-30,rxD9E9esPzjW3zmdGpM3F88yM28=,JRf4MqVhpp0L6A1cjkv1h9EvGmU=
28,-17,rxD9E9esPzjW3zmdGpM3F88yM28=,5S1ARvwaSGF5I26CbMpxTye/i3Y=
21,-23,rxD9E9esPzjW3zmdGpM3F88yM28=,zoQUTVtxKSw5LipIR+r0+hRl6Ls=
19,-19,rxD9E9esPzjW3zmdGpM3F88yM28=,zoQUTVtxKSw5LipIR+r0+hRl6Ls=
20,-23,rxD9E9esPzjW3zmdGpM3F88yM28=,zoQUTVtxKSw5LipIR+r0+hRl6Ls=
19,-20,rxD9E9esPzjW3zmdGpM3F88yM28=,zoQUTVtxKSw5LipIR+r0+hRl6Ls=
22,-23,rxD9E9esPzjW3zmdGpM3F88yM28=,zoQUTVtxKSw5LipIR+r0+hRl6Ls=
18,-20,rxD9E9esPzjW3zmdGpM3F88yM28=,zoQUTVtxKSw5LipIR+r0+hRl6Ls=
27,-17,rxD9E9esPzjW3zmdGpM3F88yM28=,5S1ARvwaSGF5I26CbMpxTye/i3Y=
23,-20,rxD9E9esPzjW3zmdGpM3F88yM28=,zoQUTVtxKSw5LipIR+r0+hRl6Ls=
16,-19,rxD9E9esPzjW3zmdGpM3F88yM28=,zoQUTVtxKSw5LipIR+r0+hRl6Ls=
23,-23,rxD9E9esPzjW3zmdGpM3F88yM28=,zoQUTVtxKSw5LipIR+r0+hRl6Ls=
17,-20,rxD9E9esPzjW3zmdGpM3F88yM28=,zoQUTVtxKSw5LipIR+r0+hRl6Ls=
24,-21,rxD9E9esPzjW3zmdGpM3F88yM28=,5S1ARvwaSGF5I26CbMpxTye/i3Y=
18,-19,rxD9E9esPzjW3zmdGpM3F88yM28=,zoQUTVtxKSw5LipIR+r0+hRl6Ls=
16,-20,rxD9E9esPzjW3zmdGpM3F88yM28=,zoQUTVtxKSw5LipIR+r0+hRl6Ls=
21,-20,rxD9E9esPzjW3zmdGpM3F88yM28=,zoQUTVtxKSw5LipIR+r0+hRl6Ls=
20,-20,rxD9E9esPzjW3zmdGpM3F88yM28=,zoQUTVtxKSw5LipIR+r0+hRl6Ls=
17,-19,rxD9E9esPzjW3zmdGpM3F88yM28=,zoQUTVtxKSw5LipIR+r0+hRl6Ls=
22,-21,rxD9E9esPzjW3zmdGpM3F88yM28=,zoQUTVtxKSw5LipIR+r0+hRl6Ls=
23,-21,rxD9E9esPzjW3zmdGpM3F88yM28=,zoQUTVtxKSw5LipIR+r0+hRl6Ls=
21,-21,rxD9E9esPzjW3zmdGpM3F88yM28=,zoQUTVtxKSw5LipIR+r0+hRl6Ls=
22,-20,rxD9E9esPzjW3zmdGpM3F88yM28=,zoQUTVtxKSw5LipIR+r0+hRl6Ls=
27,-18,rxD9E9esPzjW3zmdGpM3F88yM28=,5S1ARvwaSGF5I26CbMpxTye/i3Y=
20,-21,M153oqUAOyswLOnh22XbPoIKAbo=,zoQUTVtxKSw5LipIR+r0+hRl6Ls=
25,-17,M153oqUAOyswLOnh22XbPoIKAbo=,5S1ARvwaSGF5I26CbMpxTye/i3Y=
26,-17,M153oqUAOyswLOnh22XbPoIKAbo=,5S1ARvwaSGF5I26CbMpxTye/i3Y=
16,-22,M153oqUAOyswLOnh22XbPoIKAbo=,zoQUTVtxKSw5LipIR+r0+hRl6Ls=
21,-22,M153oqUAOyswLOnh22XbPoIKAbo=,zoQUTVtxKSw5LipIR+r0+hRl6Ls=
22,-22,M153oqUAOyswLOnh22XbPoIKAbo=,zoQUTVtxKSw5LipIR+r0+hRl6Ls=
21,-18,M153oqUAOyswLOnh22XbPoIKAbo=,zoQUTVtxKSw5LipIR+r0+hRl6Ls=
20,-24,M153oqUAOyswLOnh22XbPoIKAbo=,zoQUTVtxKSw5LipIR+r0+hRl6Ls=
23,-22,M153oqUAOyswLOnh22XbPoIKAbo=,zoQUTVtxKSw5LipIR+r0+hRl6Ls=
25,-18,M153oqUAOyswLOnh22XbPoIKAbo=,5S1ARvwaSGF5I26CbMpxTye/i3Y=
20,-22,M153oqUAOyswLOnh22XbPoIKAbo=,zoQUTVtxKSw5LipIR+r0+hRl6Ls=
26,-18,M153oqUAOyswLOnh22XbPoIKAbo=,5S1ARvwaSGF5I26CbMpxTye/i3Y=
19,-21,M153oqUAOyswLOnh22XbPoIKAbo=,zoQUTVtxKSw5LipIR+r0+hRl6Ls=
27,-21,M153oqUAOyswLOnh22XbPoIKAbo=,5S1ARvwaSGF5I26CbMpxTye/i3Y=
18,-21,M153oqUAOyswLOnh22XbPoIKAbo=,zoQUTVtxKSw5LipIR+r0+hRl6Ls=
17,-21,M153oqUAOyswLOnh22XbPoIKAbo=,zoQUTVtxKSw5LipIR+r0+hRl6Ls=
16,-21,M153oqUAOyswLOnh22XbPoIKAbo=,zoQUTVtxKSw5LipIR+r0+hRl6Ls=
20,-19,M153oqUAOyswLOnh22XbPoIKAbo=,zoQUTVtxKSw5LipIR+r0+hRl6Ls=
27,-19,M153oqUAOyswLOnh22XbPoIKAbo=,5S1ARvwaSGF5I26CbMpxTye/i3Y=
18,-22,M153oqUAOyswLOnh22XbPoIKAbo=,zoQUTVtxKSw5LipIR+r0+hRl6Ls=
25,-21,M153oqUAOyswLOnh22XbPoIKAbo=,5S1ARvwaSGF5I26CbMpxTye/i3Y=
19,-22,M153oqUAOyswLOnh22XbPoIKAbo=,zoQUTVtxKSw5LipIR+r0+hRl6Ls=
22,-28,M153oqUAOyswLOnh22XbPoIKAbo=,JRf4MqVhpp0L6A1cjkv1h9EvGmU=
23,-28,M153oqUAOyswLOnh22XbPoIKAbo=,JRf4MqVhpp0L6A1cjkv1h9EvGmU=
17,-28,M153oqUAOyswLOnh22XbPoIKAbo=,JRf4MqVhpp0L6A1cjkv1h9EvGmU=
26,-19,M153oqUAOyswLOnh22XbPoIKAbo=,5S1ARvwaSGF5I26CbMpxTye/i3Y=
21,-24,M153oqUAOyswLOnh22XbPoIKAbo=,zoQUTVtxKSw5LipIR+r0+hRl6Ls=
18,-28,M153oqUAOyswLOnh22XbPoIKAbo=,JRf4MqVhpp0L6A1cjkv1h9EvGmU=
20,-28,M153oqUAOyswLOnh22XbPoIKAbo=,JRf4MqVhpp0L6A1cjkv1h9EvGmU=
21,-28,M153oqUAOyswLOnh22XbPoIKAbo=,JRf4MqVhpp0L6A1cjkv1h9EvGmU=
20,-26,M153oqUAOyswLOnh22XbPoIKAbo=,JRf4MqVhpp0L6A1cjkv1h9EvGmU=
21,-26,M153oqUAOyswLOnh22XbPoIKAbo=,JRf4MqVhpp0L6A1cjkv1h9EvGmU=
26,-20,M153oqUAOyswLOnh22XbPoIKAbo=,5S1ARvwaSGF5I26CbMpxTye/i3Y=
23,-25,M153oqUAOyswLOnh22XbPoIKAbo=,JRf4MqVhpp0L6A1cjkv1h9EvGmU=
19,-27,M153oqUAOyswLOnh22XbPoIKAbo=,JRf4MqVhpp0L6A1cjkv1h9EvGmU=
25,-20,M153oqUAOyswLOnh22XbPoIKAbo=,5S1ARvwaSGF5I26CbMpxTye/i3Y=
24,-23,M153oqUAOyswLOnh22XbPoIKAbo=,5S1ARvwaSGF5I26CbMpxTye/i3Y=
18,-27,M153oqUAOyswLOnh22XbPoIKAbo=,JRf4MqVhpp0L6A1cjkv1h9EvGmU=
18,-26,M153oqUAOyswLOnh22XbPoIKAbo=,JRf4MqVhpp0L6A1cjkv1h9EvGmU=
23,-24,M153oqUAOyswLOnh22XbPoIKAbo=,zoQUTVtxKSw5LipIR+r0+hRl6Ls=
22,-25,M153oqUAOyswLOnh22XbPoIKAbo=,JRf4MqVhpp0L6A1cjkv1h9EvGmU=
17,-27,M153oqUAOyswLOnh22XbPoIKAbo=,JRf4MqVhpp0L6A1cjkv1h9EvGmU=
24,-24,M153oqUAOyswLOnh22XbPoIKAbo=,5S1ARvwaSGF5I26CbMpxTye/i3Y=
19,-26,M153oqUAOyswLOnh22XbPoIKAbo=,JRf4MqVhpp0L6A1cjkv1h9EvGmU=
17,-22,M153oqUAOyswLOnh22XbPoIKAbo=,zoQUTVtxKSw5LipIR+r0+hRl6Ls=
22,-24,M153oqUAOyswLOnh22XbPoIKAbo=,zoQUTVtxKSw5LipIR+r0+hRl6Ls=
20,-25,M153oqUAOyswLOnh22XbPoIKAbo=,JRf4MqVhpp0L6A1cjkv1h9EvGmU=
16,-26,M153oqUAOyswLOnh22XbPoIKAbo=,JRf4MqVhpp0L6A1cjkv1h9EvGmU=
21,-25,M153oqUAOyswLOnh22XbPoIKAbo=,JRf4MqVhpp0L6A1cjkv1h9EvGmU=
21,-19,M153oqUAOyswLOnh22XbPoIKAbo=,zoQUTVtxKSw5LipIR+r0+hRl6Ls=
24,-17,M153oqUAOyswLOnh22XbPoIKAbo=,5S1ARvwaSGF5I26CbMpxTye/i3Y=
24,-18,M153oqUAOyswLOnh22XbPoIKAbo=,5S1ARvwaSGF5I26CbMpxTye/i3Y=
17,-26,M153oqUAOyswLOnh22XbPoIKAbo=,JRf4MqVhpp0L6A1cjkv1h9EvGmU=
16,-24,M153oqUAOyswLOnh22XbPoIKAbo=,zoQUTVtxKSw5LipIR+r0+hRl6Ls=
19,-24,M153oqUAOyswLOnh22XbPoIKAbo=,zoQUTVtxKSw5LipIR+r0+hRl6Ls=
19,-25,M153oqUAOyswLOnh22XbPoIKAbo=,JRf4MqVhpp0L6A1cjkv1h9EvGmU=
19,-17,M153oqUAOyswLOnh22XbPoIKAbo=,zoQUTVtxKSw5LipIR+r0+hRl6Ls=
17,-23,M153oqUAOyswLOnh22XbPoIKAbo=,zoQUTVtxKSw5LipIR+r0+hRl6Ls=
18,-17,M153oqUAOyswLOnh22XbPoIKAbo=,zoQUTVtxKSw5LipIR+r0+hRl6Ls=
16,-23,M153oqUAOyswLOnh22XbPoIKAbo=,zoQUTVtxKSw5LipIR+r0+hRl6Ls=
20,-17,M153oqUAOyswLOnh22XbPoIKAbo=,zoQUTVtxKSw5LipIR+r0+hRl6Ls=
17,-17,M153oqUAOyswLOnh22XbPoIKAbo=,zoQUTVtxKSw5LipIR+r0+hRl6Ls=
18,-23,M153oqUAOyswLOnh22XbPoIKAbo=,zoQUTVtxKSw5LipIR+r0+hRl6Ls=
18,-25,M153oqUAOyswLOnh22XbPoIKAbo=,JRf4MqVhpp0L6A1cjkv1h9EvGmU=
23,-17,M153oqUAOyswLOnh22XbPoIKAbo=,zoQUTVtxKSw5LipIR+r0+hRl6Ls=
25,-19,M153oqUAOyswLOnh22XbPoIKAbo=,5S1ARvwaSGF5I26CbMpxTye/i3Y=
24,-22,M153oqUAOyswLOnh22XbPoIKAbo=,5S1ARvwaSGF5I26CbMpxTye/i3Y=
16,-17,M153oqUAOyswLOnh22XbPoIKAbo=,zoQUTVtxKSw5LipIR+r0+hRl6Ls=
16,-28,M153oqUAOyswLOnh22XbPoIKAbo=,JRf4MqVhpp0L6A1cjkv1h9EvGmU=
19,-18,M153oqUAOyswLOnh22XbPoIKAbo=,zoQUTVtxKSw5LipIR+r0+hRl6Ls=
18,-18,M153oqUAOyswLOnh22XbPoIKAbo=,zoQUTVtxKSw5LipIR+r0+hRl6Ls=
19,-23,M153oqUAOyswLOnh22XbPoIKAbo=,zoQUTVtxKSw5LipIR+r0+hRl6Ls=
24,-19,M153oqUAOyswLOnh22XbPoIKAbo=,5S1ARvwaSGF5I26CbMpxTye/i3Y=
16,-18,M153oqUAOyswLOnh22XbPoIKAbo=,zoQUTVtxKSw5LipIR+r0+hRl6Ls=
23,-18,M153oqUAOyswLOnh22XbPoIKAbo=,zoQUTVtxKSw5LipIR+r0+hRl6Ls=
17,-18,M153oqUAOyswLOnh22XbPoIKAbo=,zoQUTVtxKSw5LipIR+r0+hRl6Ls=
20,-18,M153oqUAOyswLOnh22XbPoIKAbo=,zoQUTVtxKSw5LipIR+r0+hRl6Ls=
22,-18,M153oqUAOyswLOnh22XbPoIKAbo=,zoQUTVtxKSw5LipIR+r0+hRl6Ls=
22,-17,M153oqUAOyswLOnh22XbPoIKAbo=,zoQUTVtxKSw5LipIR+r0+hRl6Ls=
16,-27,M153oqUAOyswLOnh22XbPoIKAbo=,JRf4MqVhpp0L6A1cjkv1h9EvGmU=
22,-19,M153oqUAOyswLOnh22XbPoIKAbo=,zoQUTVtxKSw5LipIR+r0+hRl6Ls=
21,-17,M153oqUAOyswLOnh22XbPoIKAbo=,zoQUTVtxKSw5LipIR+r0+hRl6Ls=
24,-20,M153oqUAOyswLOnh22XbPoIKAbo=,5S1ARvwaSGF5I26CbMpxTye/i3Y=
17,-25,M153oqUAOyswLOnh22XbPoIKAbo=,JRf4MqVhpp0L6A1cjkv1h9EvGmU=
23,-19,M153oqUAOyswLOnh22XbPoIKAbo=,zoQUTVtxKSw5LipIR+r0+hRl6Ls=
17,-24,M153oqUAOyswLOnh22XbPoIKAbo=,zoQUTVtxKSw5LipIR+r0+hRl6Ls=
16,-25,M153oqUAOyswLOnh22XbPoIKAbo=,JRf4MqVhpp0L6A1cjkv1h9EvGmU=
18,-24,M153oqUAOyswLOnh22XbPoIKAbo=,zoQUTVtxKSw5LipIR+r0+hRl6Ls=
13,-31,PhA7tZwIhfb9Y3upleU240skwEM=,KNnFgiP4KksvRCEaxEPCwakodp0=
14,-32,PhA7tZwIhfb9Y3upleU240skwEM=,KNnFgiP4KksvRCEaxEPCwakodp0=
13,-32,PhA7tZwIhfb9Y3upleU240skwEM=,KNnFgiP4KksvRCEaxEPCwakodp0=
12,-32,PhA7tZwIhfb9Y3upleU240skwEM=,KNnFgiP4KksvRCEaxEPCwakodp0=
11,-32,PhA7tZwIhfb9Y3upleU240skwEM=,KNnFgiP4KksvRCEaxEPCwakodp0=
10,-32,PhA7tZwIhfb9Y3upleU240skwEM=,KNnFgiP4KksvRCEaxEPCwakodp0=
15,-30,PhA7tZwIhfb9Y3upleU240skwEM=,KNnFgiP4KksvRCEaxEPCwakodp0=
15,-31,PhA7tZwIhfb9Y3upleU240skwEM=,KNnFgiP4KksvRCEaxEPCwakodp0=
14,-31,PhA7tZwIhfb9Y3upleU240skwEM=,KNnFgiP4KksvRCEaxEPCwakodp0=
5,-27,PhA7tZwIhfb9Y3upleU240skwEM=,+AGuncrLk6KbL3DrUifSLnZY8wI=
6,-28,PhA7tZwIhfb9Y3upleU240skwEM=,+AGuncrLk6KbL3DrUifSLnZY8wI=
7,-28,PhA7tZwIhfb9Y3upleU240skwEM=,+AGuncrLk6KbL3DrUifSLnZY8wI=
4,-28,PhA7tZwIhfb9Y3upleU240skwEM=,+AGuncrLk6KbL3DrUifSLnZY8wI=
6,-27,PhA7tZwIhfb9Y3upleU240skwEM=,+AGuncrLk6KbL3DrUifSLnZY8wI=
4,-27,PhA7tZwIhfb9Y3upleU240skwEM=,+AGuncrLk6KbL3DrUifSLnZY8wI=
8,-32,PhA7tZwIhfb9Y3upleU240skwEM=,KNnFgiP4KksvRCEaxEPCwakodp0=
6,-26,PhA7tZwIhfb9Y3upleU240skwEM=,+AGuncrLk6KbL3DrUifSLnZY8wI=
5,-28,PhA7tZwIhfb9Y3upleU240skwEM=,+AGuncrLk6KbL3DrUifSLnZY8wI=
4,-26,GnDmnJikUVLOtrpaw4U5C9I/6tE=,+AGuncrLk6KbL3DrUifSLnZY8wI=
5,-26,GnDmnJikUVLOtrpaw4U5C9I/6tE=,+AGuncrLk6KbL3DrUifSLnZY8wI=
6,-24,GnDmnJikUVLOtrpaw4U5C9I/6tE=,YtHMsnluaxCZSOLLDNWGyn03vMs=
4,-23,GnDmnJikUVLOtrpaw4U5C9I/6tE=,YtHMsnluaxCZSOLLDNWGyn03vMs=
5,-23,GnDmnJikUVLOtrpaw4U5C9I/6tE=,YtHMsnluaxCZSOLLDNWGyn03vMs=
8,-30,GnDmnJikUVLOtrpaw4U5C9I/6tE=,KNnFgiP4KksvRCEaxEPCwakodp0=
6,-25,GnDmnJikUVLOtrpaw4U5C9I/6tE=,+AGuncrLk6KbL3DrUifSLnZY8wI=
5,-24,GnDmnJikUVLOtrpaw4U5C9I/6tE=,YtHMsnluaxCZSOLLDNWGyn03vMs=
5,-25,GnDmnJikUVLOtrpaw4U5C9I/6tE=,+AGuncrLk6KbL3DrUifSLnZY8wI=
4,-24,GnDmnJikUVLOtrpaw4U5C9I/6tE=,YtHMsnluaxCZSOLLDNWGyn03vMs=
4,-25,GnDmnJikUVLOtrpaw4U5C9I/6tE=,+AGuncrLk6KbL3DrUifSLnZY8wI=
6,-23,GnDmnJikUVLOtrpaw4U5C9I/6tE=,YtHMsnluaxCZSOLLDNWGyn03vMs=
6,-22,GnDmnJikUVLOtrpaw4U5C9I/6tE=,YtHMsnluaxCZSOLLDNWGyn03vMs=
4,-21,GnDmnJikUVLOtrpaw4U5C9I/6tE=,YtHMsnluaxCZSOLLDNWGyn03vMs=
4,-22,GnDmnJikUVLOtrpaw4U5C9I/6tE=,YtHMsnluaxCZSOLLDNWGyn03vMs=
8,-28,GnDmnJikUVLOtrpaw4U5C9I/6tE=,KNnFgiP4KksvRCEaxEPCwakodp0=
6,-21,GnDmnJikUVLOtrpaw4U5C9I/6tE=,YtHMsnluaxCZSOLLDNWGyn03vMs=
5,-21,GnDmnJikUVLOtrpaw4U5C9I/6tE=,YtHMsnluaxCZSOLLDNWGyn03vMs=
9,-30,GnDmnJikUVLOtrpaw4U5C9I/6tE=,KNnFgiP4KksvRCEaxEPCwakodp0=
7,-23,GnDmnJikUVLOtrpaw4U5C9I/6tE=,YtHMsnluaxCZSOLLDNWGyn03vMs=
8,-24,GnDmnJikUVLOtrpaw4U5C9I/6tE=,wDSN+eS5bZ0NZOsQXkiHEMxZsR8=
7,-22,GnDmnJikUVLOtrpaw4U5C9I/6tE=,YtHMsnluaxCZSOLLDNWGyn03vMs=
5,-22,GnDmnJikUVLOtrpaw4U5C9I/6tE=,YtHMsnluaxCZSOLLDNWGyn03vMs=
11,-21,GnDmnJikUVLOtrpaw4U5C9I/6tE=,wDSN+eS5bZ0NZOsQXkiHEMxZsR8=
7,-32,GnDmnJikUVLOtrpaw4U5C9I/6tE=,+AGuncrLk6KbL3DrUifSLnZY8wI=
10,-30,GnDmnJikUVLOtrpaw4U5C9I/6tE=,KNnFgiP4KksvRCEaxEPCwakodp0=
11,-22,GnDmnJikUVLOtrpaw4U5C9I/6tE=,wDSN+eS5bZ0NZOsQXkiHEMxZsR8=
9,-28,GnDmnJikUVLOtrpaw4U5C9I/6tE=,KNnFgiP4KksvRCEaxEPCwakodp0=
8,-22,GnDmnJikUVLOtrpaw4U5C9I/6tE=,wDSN+eS5bZ0NZOsQXkiHEMxZsR8=
7,-21,GnDmnJikUVLOtrpaw4U5C9I/6tE=,YtHMsnluaxCZSOLLDNWGyn03vMs=
10,-22,GnDmnJikUVLOtrpaw4U5C9I/6tE=,wDSN+eS5bZ0NZOsQXkiHEMxZsR8=
11,-23,GnDmnJikUVLOtrpaw4U5C9I/6tE=,wDSN+eS5bZ0NZOsQXkiHEMxZsR8=
10,-21,GnDmnJikUVLOtrpaw4U5C9I/6tE=,wDSN+eS5bZ0NZOsQXkiHEMxZsR8=
10,-28,GnDmnJikUVLOtrpaw4U5C9I/6tE=,KNnFgiP4KksvRCEaxEPCwakodp0=
5,-32,GnDmnJikUVLOtrpaw4U5C9I/6tE=,+AGuncrLk6KbL3DrUifSLnZY8wI=
11,-30,GnDmnJikUVLOtrpaw4U5C9I/6tE=,KNnFgiP4KksvRCEaxEPCwakodp0=
9,-22,GnDmnJikUVLOtrpaw4U5C9I/6tE=,wDSN+eS5bZ0NZOsQXkiHEMxZsR8=
6,-32,GnDmnJikUVLOtrpaw4U5C9I/6tE=,+AGuncrLk6KbL3DrUifSLnZY8wI=
12,-28,GnDmnJikUVLOtrpaw4U5C9I/6tE=,KNnFgiP4KksvRCEaxEPCwakodp0=
8,-23,GnDmnJikUVLOtrpaw4U5C9I/6tE=,wDSN+eS5bZ0NZOsQXkiHEMxZsR8=
10,-23,GnDmnJikUVLOtrpaw4U5C9I/6tE=,wDSN+eS5bZ0NZOsQXkiHEMxZsR8=
7,-30,GnDmnJikUVLOtrpaw4U5C9I/6tE=,+AGuncrLk6KbL3DrUifSLnZY8wI=
11,-28,GnDmnJikUVLOtrpaw4U5C9I/6tE=,KNnFgiP4KksvRCEaxEPCwakodp0=
9,-24,GnDmnJikUVLOtrpaw4U5C9I/6tE=,wDSN+eS5bZ0NZOsQXkiHEMxZsR8=
8,-21,GnDmnJikUVLOtrpaw4U5C9I/6tE=,wDSN+eS5bZ0NZOsQXkiHEMxZsR8=
9,-32,GnDmnJikUVLOtrpaw4U5C9I/6tE=,KNnFgiP4KksvRCEaxEPCwakodp0=
7,-24,GnDmnJikUVLOtrpaw4U5C9I/6tE=,YtHMsnluaxCZSOLLDNWGyn03vMs=
7,-29,GnDmnJikUVLOtrpaw4U5C9I/6tE=,+AGuncrLk6KbL3DrUifSLnZY8wI=
7,-27,GnDmnJikUVLOtrpaw4U5C9I/6tE=,+AGuncrLk6KbL3DrUifSLnZY8wI=
7,-31,GnDmnJikUVLOtrpaw4U5C9I/6tE=,+AGuncrLk6KbL3DrUifSLnZY8wI=
13,-28,GnDmnJikUVLOtrpaw4U5C9I/6tE=,KNnFgiP4KksvRCEaxEPCwakodp0=
6,-29,GnDmnJikUVLOtrpaw4U5C9I/6tE=,+AGuncrLk6KbL3DrUifSLnZY8wI=
9,-21,GnDmnJikUVLOtrpaw4U5C9I/6tE=,wDSN+eS5bZ0NZOsQXkiHEMxZsR8=
9,-23,GnDmnJikUVLOtrpaw4U5C9I/6tE=,wDSN+eS5bZ0NZOsQXkiHEMxZsR8=
8,-29,GnDmnJikUVLOtrpaw4U5C9I/6tE=,KNnFgiP4KksvRCEaxEPCwakodp0=
5,-29,GnDmnJikUVLOtrpaw4U5C9I/6tE=,+AGuncrLk6KbL3DrUifSLnZY8wI=
10,-25,GnDmnJikUVLOtrpaw4U5C9I/6tE=,KNnFgiP4KksvRCEaxEPCwakodp0=
10,-24,GnDmnJikUVLOtrpaw4U5C9I/6tE=,wDSN+eS5bZ0NZOsQXkiHEMxZsR8=
14,-28,GnDmnJikUVLOtrpaw4U5C9I/6tE=,KNnFgiP4KksvRCEaxEPCwakodp0=
4,-29,GnDmnJikUVLOtrpaw4U5C9I/6tE=,+AGuncrLk6KbL3DrUifSLnZY8wI=
11,-24,GnDmnJikUVLOtrpaw4U5C9I/6tE=,wDSN+eS5bZ0NZOsQXkiHEMxZsR8=
4,-32,GnDmnJikUVLOtrpaw4U5C9I/6tE=,+AGuncrLk6KbL3DrUifSLnZY8wI=
7,-26,GnDmnJikUVLOtrpaw4U5C9I/6tE=,+AGuncrLk6KbL3DrUifSLnZY8wI=
4,-31,GnDmnJikUVLOtrpaw4U5C9I/6tE=,+AGuncrLk6KbL3DrUifSLnZY8wI=
6,-30,GnDmnJikUVLOtrpaw4U5C9I/6tE=,+AGuncrLk6KbL3DrUifSLnZY8wI=
12,-30,GnDmnJikUVLOtrpaw4U5C9I/6tE=,KNnFgiP4KksvRCEaxEPCwakodp0=
5,-30,GnDmnJikUVLOtrpaw4U5C9I/6tE=,+AGuncrLk6KbL3DrUifSLnZY8wI=
15,-28,GnDmnJikUVLOtrpaw4U5C9I/6tE=,KNnFgiP4KksvRCEaxEPCwakodp0=
0,-25,GnDmnJikUVLOtrpaw4U5C9I/6tE=,+AGuncrLk6KbL3DrUifSLnZY8wI=
4,-30,GnDmnJikUVLOtrpaw4U5C9I/6tE=,+AGuncrLk6KbL3DrUifSLnZY8wI=
8,-27,GnDmnJikUVLOtrpaw4U5C9I/6tE=,KNnFgiP4KksvRCEaxEPCwakodp0=
9,-29,GnDmnJikUVLOtrpaw4U5C9I/6tE=,KNnFgiP4KksvRCEaxEPCwakodp0=
6,-31,GnDmnJikUVLOtrpaw4U5C9I/6tE=,+AGuncrLk6KbL3DrUifSLnZY8wI=
0,-26,GnDmnJikUVLOtrpaw4U5C9I/6tE=,+AGuncrLk6KbL3DrUifSLnZY8wI=
8,-25,GnDmnJikUVLOtrpaw4U5C9I/6tE=,KNnFgiP4KksvRCEaxEPCwakodp0=
5,-31,GnDmnJikUVLOtrpaw4U5C9I/6tE=,+AGuncrLk6KbL3DrUifSLnZY8wI=
11,-26,GnDmnJikUVLOtrpaw4U5C9I/6tE=,KNnFgiP4KksvRCEaxEPCwakodp0=
13,-30,GnDmnJikUVLOtrpaw4U5C9I/6tE=,KNnFgiP4KksvRCEaxEPCwakodp0=
12,-27,GnDmnJikUVLOtrpaw4U5C9I/6tE=,KNnFgiP4KksvRCEaxEPCwakodp0=
10,-26,GnDmnJikUVLOtrpaw4U5C9I/6tE=,KNnFgiP4KksvRCEaxEPCwakodp0=
11,-25,GnDmnJikUVLOtrpaw4U5C9I/6tE=,KNnFgiP4KksvRCEaxEPCwakodp0=
0,-27,GnDmnJikUVLOtrpaw4U5C9I/6tE=,+AGuncrLk6KbL3DrUifSLnZY8wI=
9,-25,GnDmnJikUVLOtrpaw4U5C9I/6tE=,KNnFgiP4KksvRCEaxEPCwakodp0=
1,-32,GnDmnJikUVLOtrpaw4U5C9I/6tE=,+AGuncrLk6KbL3DrUifSLnZY8wI=
9,-27,GnDmnJikUVLOtrpaw4U5C9I/6tE=,KNnFgiP4KksvRCEaxEPCwakodp0=
0,-28,GnDmnJikUVLOtrpaw4U5C9I/6tE=,+AGuncrLk6KbL3DrUifSLnZY8wI=
13,-27,GnDmnJikUVLOtrpaw4U5C9I/6tE=,KNnFgiP4KksvRCEaxEPCwakodp0=
10,-29,GnDmnJikUVLOtrpaw4U5C9I/6tE=,KNnFgiP4KksvRCEaxEPCwakodp0=
8,-31,GnDmnJikUVLOtrpaw4U5C9I/6tE=,KNnFgiP4KksvRCEaxEPCwakodp0=
8,-26,GnDmnJikUVLOtrpaw4U5C9I/6tE=,KNnFgiP4KksvRCEaxEPCwakodp0=
0,-29,GnDmnJikUVLOtrpaw4U5C9I/6tE=,+AGuncrLk6KbL3DrUifSLnZY8wI=
14,-30,GnDmnJikUVLOtrpaw4U5C9I/6tE=,KNnFgiP4KksvRCEaxEPCwakodp0=
11,-27,GnDmnJikUVLOtrpaw4U5C9I/6tE=,KNnFgiP4KksvRCEaxEPCwakodp0=
7,-25,GnDmnJikUVLOtrpaw4U5C9I/6tE=,+AGuncrLk6KbL3DrUifSLnZY8wI=
9,-26,GnDmnJikUVLOtrpaw4U5C9I/6tE=,KNnFgiP4KksvRCEaxEPCwakodp0=
0,-30,GnDmnJikUVLOtrpaw4U5C9I/6tE=,+AGuncrLk6KbL3DrUifSLnZY8wI=
0,-32,GnDmnJikUVLOtrpaw4U5C9I/6tE=,+AGuncrLk6KbL3DrUifSLnZY8wI=
0,-24,GnDmnJikUVLOtrpaw4U5C9I/6tE=,YtHMsnluaxCZSOLLDNWGyn03vMs=
0,-31,GnDmnJikUVLOtrpaw4U5C9I/6tE=,+AGuncrLk6KbL3DrUifSLnZY8wI=
2,-32,GnDmnJikUVLOtrpaw4U5C9I/6tE=,+AGuncrLk6KbL3DrUifSLnZY8wI=
14,-27,GnDmnJikUVLOtrpaw4U5C9I/6tE=,KNnFgiP4KksvRCEaxEPCwakodp0=
9,-31,GnDmnJikUVLOtrpaw4U5C9I/6tE=,KNnFgiP4KksvRCEaxEPCwakodp0=
1,-30,GnDmnJikUVLOtrpaw4U5C9I/6tE=,+AGuncrLk6KbL3DrUifSLnZY8wI=
2,-30,GnDmnJikUVLOtrpaw4U5C9I/6tE=,+AGuncrLk6KbL3DrUifSLnZY8wI=
3,-30,GnDmnJikUVLOtrpaw4U5C9I/6tE=,+AGuncrLk6KbL3DrUifSLnZY8wI=
3,-32,GnDmnJikUVLOtrpaw4U5C9I/6tE=,+AGuncrLk6KbL3DrUifSLnZY8wI=
11,-29,GnDmnJikUVLOtrpaw4U5C9I/6tE=,KNnFgiP4KksvRCEaxEPCwakodp0=
12,-29,GnDmnJikUVLOtrpaw4U5C9I/6tE=,KNnFgiP4KksvRCEaxEPCwakodp0=
1,-29,GnDmnJikUVLOtrpaw4U5C9I/6tE=,+AGuncrLk6KbL3DrUifSLnZY8wI=
10,-27,GnDmnJikUVLOtrpaw4U5C9I/6tE=,KNnFgiP4KksvRCEaxEPCwakodp0=
3,-29,GnDmnJikUVLOtrpaw4U5C9I/6tE=,+AGuncrLk6KbL3DrUifSLnZY8wI=
0,-21,GnDmnJikUVLOtrpaw4U5C9I/6tE=,YtHMsnluaxCZSOLLDNWGyn03vMs=
1,-28,GnDmnJikUVLOtrpaw4U5C9I/6tE=,+AGuncrLk6KbL3DrUifSLnZY8wI=
11,-31,GnDmnJikUVLOtrpaw4U5C9I/6tE=,KNnFgiP4KksvRCEaxEPCwakodp0=
2,-29,WzvpyMvak0Pr7qkl5ElUT509QRs=,+AGuncrLk6KbL3DrUifSLnZY8wI=
2,-28,WzvpyMvak0Pr7qkl5ElUT509QRs=,+AGuncrLk6KbL3DrUifSLnZY8wI=
3,-28,WzvpyMvak0Pr7qkl5ElUT509QRs=,+AGuncrLk6KbL3DrUifSLnZY8wI=
0,-22,WzvpyMvak0Pr7qkl5ElUT509QRs=,YtHMsnluaxCZSOLLDNWGyn03vMs=
2,-27,WzvpyMvak0Pr7qkl5ElUT509QRs=,+AGuncrLk6KbL3DrUifSLnZY8wI=
1,-27,WzvpyMvak0Pr7qkl5ElUT509QRs=,+AGuncrLk6KbL3DrUifSLnZY8wI=
15,-27,WzvpyMvak0Pr7qkl5ElUT509QRs=,KNnFgiP4KksvRCEaxEPCwakodp0=
10,-31,WzvpyMvak0Pr7qkl5ElUT509QRs=,KNnFgiP4KksvRCEaxEPCwakodp0=
1,-26,WzvpyMvak0Pr7qkl5ElUT509QRs=,+AGuncrLk6KbL3DrUifSLnZY8wI=
3,-27,WzvpyMvak0Pr7qkl5ElUT509QRs=,+AGuncrLk6KbL3DrUifSLnZY8wI=
13,-29,WzvpyMvak0Pr7qkl5ElUT509QRs=,KNnFgiP4KksvRCEaxEPCwakodp0=
0,-23,WzvpyMvak0Pr7qkl5ElUT509QRs=,YtHMsnluaxCZSOLLDNWGyn03vMs=
2,-26,WzvpyMvak0Pr7qkl5ElUT509QRs=,+AGuncrLk6KbL3DrUifSLnZY8wI=
3,-31,WzvpyMvak0Pr7qkl5ElUT509QRs=,+AGuncrLk6KbL3DrUifSLnZY8wI=
3,-26,WzvpyMvak0Pr7qkl5ElUT509QRs=,+AGuncrLk6KbL3DrUifSLnZY8wI=
2,-31,WzvpyMvak0Pr7qkl5ElUT509QRs=,+AGuncrLk6KbL3DrUifSLnZY8wI=
2,-24,WzvpyMvak0Pr7qkl5ElUT509QRs=,YtHMsnluaxCZSOLLDNWGyn03vMs=
1,-31,WzvpyMvak0Pr7qkl5ElUT509QRs=,+AGuncrLk6KbL3DrUifSLnZY8wI=
1,-23,WzvpyMvak0Pr7qkl5ElUT509QRs=,YtHMsnluaxCZSOLLDNWGyn03vMs=
3,-21,WzvpyMvak0Pr7qkl5ElUT509QRs=,YtHMsnluaxCZSOLLDNWGyn03vMs=
3,-24,WzvpyMvak0Pr7qkl5ElUT509QRs=,YtHMsnluaxCZSOLLDNWGyn03vMs=
2,-23,WzvpyMvak0Pr7qkl5ElUT509QRs=,YtHMsnluaxCZSOLLDNWGyn03vMs=
1,-24,WzvpyMvak0Pr7qkl5ElUT509QRs=,YtHMsnluaxCZSOLLDNWGyn03vMs=
3,-23,WzvpyMvak0Pr7qkl5ElUT509QRs=,YtHMsnluaxCZSOLLDNWGyn03vMs=
2,-21,WzvpyMvak0Pr7qkl5ElUT509QRs=,YtHMsnluaxCZSOLLDNWGyn03vMs=
15,-25,WzvpyMvak0Pr7qkl5ElUT509QRs=,KNnFgiP4KksvRCEaxEPCwakodp0=
14,-29,WzvpyMvak0Pr7qkl5ElUT509QRs=,KNnFgiP4KksvRCEaxEPCwakodp0=
15,-32,WzvpyMvak0Pr7qkl5ElUT509QRs=,KNnFgiP4KksvRCEaxEPCwakodp0=
2,-25,WzvpyMvak0Pr7qkl5ElUT509QRs=,+AGuncrLk6KbL3DrUifSLnZY8wI=
3,-25,WzvpyMvak0Pr7qkl5ElUT509QRs=,+AGuncrLk6KbL3DrUifSLnZY8wI=
12,-26,WzvpyMvak0Pr7qkl5ElUT509QRs=,KNnFgiP4KksvRCEaxEPCwakodp0=
1,-21,WzvpyMvak0Pr7qkl5ElUT509QRs=,YtHMsnluaxCZSOLLDNWGyn03vMs=
2,-22,WzvpyMvak0Pr7qkl5ElUT509QRs=,YtHMsnluaxCZSOLLDNWGyn03vMs=
15,-29,WzvpyMvak0Pr7qkl5ElUT509QRs=,KNnFgiP4KksvRCEaxEPCwakodp0=
1,-25,WzvpyMvak0Pr7qkl5ElUT509QRs=,+AGuncrLk6KbL3DrUifSLnZY8wI=
12,-31,WzvpyMvak0Pr7qkl5ElUT509QRs=,KNnFgiP4KksvRCEaxEPCwakodp0=
1,-22,WzvpyMvak0Pr7qkl5ElUT509QRs=,YtHMsnluaxCZSOLLDNWGyn03vMs=
14,-25,WzvpyMvak0Pr7qkl5ElUT509QRs=,KNnFgiP4KksvRCEaxEPCwakodp0=
3,-22,WzvpyMvak0Pr7qkl5ElUT509QRs=,YtHMsnluaxCZSOLLDNWGyn03vMs=
13,-26,WzvpyMvak0Pr7qkl5ElUT509QRs=,KNnFgiP4KksvRCEaxEPCwakodp0=
12,-25,WzvpyMvak0Pr7qkl5ElUT509QRs=,KNnFgiP4KksvRCEaxEPCwakodp0=
14,-26,WzvpyMvak0Pr7qkl5ElUT509QRs=,KNnFgiP4KksvRCEaxEPCwakodp0=
12,-21,WzvpyMvak0Pr7qkl5ElUT509QRs=,wDSN+eS5bZ0NZOsQXkiHEMxZsR8=
15,-26,WzvpyMvak0Pr7qkl5ElUT509QRs=,KNnFgiP4KksvRCEaxEPCwakodp0=
13,-25,WzvpyMvak0Pr7qkl5ElUT509QRs=,KNnFgiP4KksvRCEaxEPCwakodp0=
13,-21,WzvpyMvak0Pr7qkl5ElUT509QRs=,wDSN+eS5bZ0NZOsQXkiHEMxZsR8=
14,-21,WzvpyMvak0Pr7qkl5ElUT509QRs=,wDSN+eS5bZ0NZOsQXkiHEMxZsR8=
13,-22,WzvpyMvak0Pr7qkl5ElUT509QRs=,wDSN+eS5bZ0NZOsQXkiHEMxZsR8=
15,-22,WzvpyMvak0Pr7qkl5ElUT509QRs=,wDSN+eS5bZ0NZOsQXkiHEMxZsR8=
13,-23,WzvpyMvak0Pr7qkl5ElUT509QRs=,wDSN+eS5bZ0NZOsQXkiHEMxZsR8=
15,-21,WzvpyMvak0Pr7qkl5ElUT509QRs=,wDSN+eS5bZ0NZOsQXkiHEMxZsR8=
12,-22,WzvpyMvak0Pr7qkl5ElUT509QRs=,wDSN+eS5bZ0NZOsQXkiHEMxZsR8=
0,-17,WzvpyMvak0Pr7qkl5ElUT509QRs=,YtHMsnluaxCZSOLLDNWGyn03vMs=
2,-18,WzvpyMvak0Pr7qkl5ElUT509QRs=,YtHMsnluaxCZSOLLDNWGyn03vMs=
3,-18,WzvpyMvak0Pr7qkl5ElUT509QRs=,YtHMsnluaxCZSOLLDNWGyn03vMs=
1,-17,WzvpyMvak0Pr7qkl5ElUT509QRs=,YtHMsnluaxCZSOLLDNWGyn03vMs=
1,-18,WzvpyMvak0Pr7qkl5ElUT509QRs=,YtHMsnluaxCZSOLLDNWGyn03vMs=
2,-17,WzvpyMvak0Pr7qkl5ElUT509QRs=,YtHMsnluaxCZSOLLDNWGyn03vMs=
3,-17,WzvpyMvak0Pr7qkl5ElUT509QRs=,YtHMsnluaxCZSOLLDNWGyn03vMs=
0,-18,WzvpyMvak0Pr7qkl5ElUT509QRs=,YtHMsnluaxCZSOLLDNWGyn03vMs=
12,-23,WzvpyMvak0Pr7qkl5ElUT509QRs=,wDSN+eS5bZ0NZOsQXkiHEMxZsR8=
3,-19,WzvpyMvak0Pr7qkl5ElUT509QRs=,YtHMsnluaxCZSOLLDNWGyn03vMs=
14,-22,WzvpyMvak0Pr7qkl5ElUT509QRs=,wDSN+eS5bZ0NZOsQXkiHEMxZsR8=
2,-19,WzvpyMvak0Pr7qkl5ElUT509QRs=,YtHMsnluaxCZSOLLDNWGyn03vMs=
15,-24,WzvpyMvak0Pr7qkl5ElUT509QRs=,wDSN+eS5bZ0NZOsQXkiHEMxZsR8=
1,-19,WzvpyMvak0Pr7qkl5ElUT509QRs=,YtHMsnluaxCZSOLLDNWGyn03vMs=
0,-19,WzvpyMvak0Pr7qkl5ElUT509QRs=,YtHMsnluaxCZSOLLDNWGyn03vMs=
3,-20,WzvpyMvak0Pr7qkl5ElUT509QRs=,YtHMsnluaxCZSOLLDNWGyn03vMs=
2,-20,WzvpyMvak0Pr7qkl5ElUT509QRs=,YtHMsnluaxCZSOLLDNWGyn03vMs=
1,-20,WzvpyMvak0Pr7qkl5ElUT509QRs=,YtHMsnluaxCZSOLLDNWGyn03vMs=
0,-20,WzvpyMvak0Pr7qkl5ElUT509QRs=,YtHMsnluaxCZSOLLDNWGyn03vMs=
14,-24,WzvpyMvak0Pr7qkl5ElUT509QRs=,wDSN+eS5bZ0NZOsQXkiHEMxZsR8=
7,-17,WzvpyMvak0Pr7qkl5ElUT509QRs=,YtHMsnluaxCZSOLLDNWGyn03vMs=
14,-20,WzvpyMvak0Pr7qkl5ElUT509QRs=,wDSN+eS5bZ0NZOsQXkiHEMxZsR8=
13,-17,WzvpyMvak0Pr7qkl5ElUT509QRs=,wDSN+eS5bZ0NZOsQXkiHEMxZsR8=
8,-18,WzvpyMvak0Pr7qkl5ElUT509QRs=,wDSN+eS5bZ0NZOsQXkiHEMxZsR8=
14,-18,WzvpyMvak0Pr7qkl5ElUT509QRs=,wDSN+eS5bZ0NZOsQXkiHEMxZsR8=
14,-23,WzvpyMvak0Pr7qkl5ElUT509QRs=,wDSN+eS5bZ0NZOsQXkiHEMxZsR8=
13,-18,WzvpyMvak0Pr7qkl5ElUT509QRs=,wDSN+eS5bZ0NZOsQXkiHEMxZsR8=
12,-24,WzvpyMvak0Pr7qkl5ElUT509QRs=,wDSN+eS5bZ0NZOsQXkiHEMxZsR8=
4,-18,WzvpyMvak0Pr7qkl5ElUT509QRs=,YtHMsnluaxCZSOLLDNWGyn03vMs=
7,-20,WzvpyMvak0Pr7qkl5ElUT509QRs=,YtHMsnluaxCZSOLLDNWGyn03vMs=
15,-23,WzvpyMvak0Pr7qkl5ElUT509QRs=,wDSN+eS5bZ0NZOsQXkiHEMxZsR8=
14,-19,WzvpyMvak0Pr7qkl5ElUT509QRs=,wDSN+eS5bZ0NZOsQXkiHEMxZsR8=
9,-18,WzvpyMvak0Pr7qkl5ElUT509QRs=,wDSN+eS5bZ0NZOsQXkiHEMxZsR8=
14,-17,WzvpyMvak0Pr7qkl5ElUT509QRs=,wDSN+eS5bZ0NZOsQXkiHEMxZsR8=
10,-18,WzvpyMvak0Pr7qkl5ElUT509QRs=,wDSN+eS5bZ0NZOsQXkiHEMxZsR8=
13,-19,WzvpyMvak0Pr7qkl5ElUT509QRs=,wDSN+eS5bZ0NZOsQXkiHEMxZsR8=
8,-19,WzvpyMvak0Pr7qkl5ElUT509QRs=,wDSN+eS5bZ0NZOsQXkiHEMxZsR8=
12,-20,WzvpyMvak0Pr7qkl5ElUT509QRs=,wDSN+eS5bZ0NZOsQXkiHEMxZsR8=
7,-19,WzvpyMvak0Pr7qkl5ElUT509QRs=,YtHMsnluaxCZSOLLDNWGyn03vMs=
9,-19,WzvpyMvak0Pr7qkl5ElUT509QRs=,wDSN+eS5bZ0NZOsQXkiHEMxZsR8=
12,-19,WzvpyMvak0Pr7qkl5ElUT509QRs=,wDSN+eS5bZ0NZOsQXkiHEMxZsR8=
5,-18,WzvpyMvak0Pr7qkl5ElUT509QRs=,YtHMsnluaxCZSOLLDNWGyn03vMs=
8,-20,WzvpyMvak0Pr7qkl5ElUT509QRs=,wDSN+eS5bZ0NZOsQXkiHEMxZsR8=
9,-20,WzvpyMvak0Pr7qkl5ElUT509QRs=,wDSN+eS5bZ0NZOsQXkiHEMxZsR8=
11,-19,WzvpyMvak0Pr7qkl5ElUT509QRs=,wDSN+eS5bZ0NZOsQXkiHEMxZsR8=
15,-17,WzvpyMvak0Pr7qkl5ElUT509QRs=,wDSN+eS5bZ0NZOsQXkiHEMxZsR8=
7,-18,WzvpyMvak0Pr7qkl5ElUT509QRs=,YtHMsnluaxCZSOLLDNWGyn03vMs=
12,-18,WzvpyMvak0Pr7qkl5ElUT509QRs=,wDSN+eS5bZ0NZOsQXkiHEMxZsR8=
11,-18,WzvpyMvak0Pr7qkl5ElUT509QRs=,wDSN+eS5bZ0NZOsQXkiHEMxZsR8=
11,-20,WzvpyMvak0Pr7qkl5ElUT509QRs=,wDSN+eS5bZ0NZOsQXkiHEMxZsR8=
10,-20,WzvpyMvak0Pr7qkl5ElUT509QRs=,wDSN+eS5bZ0NZOsQXkiHEMxZsR8=
4,-20,WzvpyMvak0Pr7qkl5ElUT509QRs=,YtHMsnluaxCZSOLLDNWGyn03vMs=
10,-19,WzvpyMvak0Pr7qkl5ElUT509QRs=,wDSN+eS5bZ0NZOsQXkiHEMxZsR8=
13,-24,WzvpyMvak0Pr7qkl5ElUT509QRs=,wDSN+eS5bZ0NZOsQXkiHEMxZsR8=
15,-18,WzvpyMvak0Pr7qkl5ElUT509QRs=,wDSN+eS5bZ0NZOsQXkiHEMxZsR8=
15,-20,WzvpyMvak0Pr7qkl5ElUT509QRs=,wDSN+eS5bZ0NZOsQXkiHEMxZsR8=
12,-17,WzvpyMvak0Pr7qkl5ElUT509QRs=,wDSN+eS5bZ0NZOsQXkiHEMxZsR8=
15,-19,WzvpyMvak0Pr7qkl5ElUT509QRs=,wDSN+eS5bZ0NZOsQXkiHEMxZsR8=
5,-20,WzvpyMvak0Pr7qkl5ElUT509QRs=,YtHMsnluaxCZSOLLDNWGyn03vMs=
8,-17,WzvpyMvak0Pr7qkl5ElUT509QRs=,wDSN+eS5bZ0NZOsQXkiHEMxZsR8=
9,-17,WzvpyMvak0Pr7qkl5ElUT509QRs=,wDSN+eS5bZ0NZOsQXkiHEMxZsR8=
6,-18,WzvpyMvak0Pr7qkl5ElUT509QRs=,YtHMsnluaxCZSOLLDNWGyn03vMs=
5,-19,WzvpyMvak0Pr7qkl5ElUT509QRs=,YtHMsnluaxCZSOLLDNWGyn03vMs=
13,-20,WzvpyMvak0Pr7qkl5ElUT509QRs=,wDSN+eS5bZ0NZOsQXkiHEMxZsR8=
10,-17,WzvpyMvak0Pr7qkl5ElUT509QRs=,wDSN+eS5bZ0NZOsQXkiHEMxZsR8=
6,-19,WzvpyMvak0Pr7qkl5ElUT509QRs=,YtHMsnluaxCZSOLLDNWGyn03vMs=
4,-17,WzvpyMvak0Pr7qkl5ElUT509QRs=,YtHMsnluaxCZSOLLDNWGyn03vMs=
6,-20,WzvpyMvak0Pr7qkl5ElUT509QRs=,YtHMsnluaxCZSOLLDNWGyn03vMs=
11,-17,WzvpyMvak0Pr7qkl5ElUT509QRs=,wDSN+eS5bZ0NZOsQXkiHEMxZsR8=
5,-17,WzvpyMvak0Pr7qkl5ElUT509QRs=,YtHMsnluaxCZSOLLDNWGyn03vMs=
4,-19,WzvpyMvak0Pr7qkl5ElUT509QRs=,YtHMsnluaxCZSOLLDNWGyn03vMs=
6,-17,WzvpyMvak0Pr7qkl5ElUT509QRs=,YtHMsnluaxCZSOLLDNWGyn03vMs=
10,-12,WzvpyMvak0Pr7qkl5ElUT509QRs=,J4FQnoTxtRoARL5UNq02h7RovcU=
6,-11,WzvpyMvak0Pr7qkl5ElUT509QRs=,PxJ3JUFxwPbP7Yx+8VPkjuZ6Gr4=
5,-11,WzvpyMvak0Pr7qkl5ElUT509QRs=,PxJ3JUFxwPbP7Yx+8VPkjuZ6Gr4=
4,-11,WzvpyMvak0Pr7qkl5ElUT509QRs=,PxJ3JUFxwPbP7Yx+8VPkjuZ6Gr4=
5,-12,WzvpyMvak0Pr7qkl5ElUT509QRs=,PxJ3JUFxwPbP7Yx+8VPkjuZ6Gr4=
6,-12,WzvpyMvak0Pr7qkl5ElUT509QRs=,PxJ3JUFxwPbP7Yx+8VPkjuZ6Gr4=
9,-12,WzvpyMvak0Pr7qkl5ElUT509QRs=,J4FQnoTxtRoARL5UNq02h7RovcU=
8,-11,WzvpyMvak0Pr7qkl5ElUT509QRs=,J4FQnoTxtRoARL5UNq02h7RovcU=
4,-12,WzvpyMvak0Pr7qkl5ElUT509QRs=,PxJ3JUFxwPbP7Yx+8VPkjuZ6Gr4=
8,-8,WzvpyMvak0Pr7qkl5ElUT509QRs=,nuXRxUNsuUIR6IAzzDw/kTM0T4k=
8,-12,WzvpyMvak0Pr7qkl5ElUT509QRs=,J4FQnoTxtRoARL5UNq02h7RovcU=
7,-11,WzvpyMvak0Pr7qkl5ElUT509QRs=,PxJ3JUFxwPbP7Yx+8VPkjuZ6Gr4=
7,-12,WzvpyMvak0Pr7qkl5ElUT509QRs=,PxJ3JUFxwPbP7Yx+8VPkjuZ6Gr4=
10,-6,WzvpyMvak0Pr7qkl5ElUT509QRs=,nuXRxUNsuUIR6IAzzDw/kTM0T4k=
6,-8,WzvpyMvak0Pr7qkl5ElUT509QRs=,2T3d0c1DMNzezEXztW+t7h4p/50=
5,-8,WzvpyMvak0Pr7qkl5ElUT509QRs=,2T3d0c1DMNzezEXztW+t7h4p/50=
7,-8,WzvpyMvak0Pr7qkl5ElUT509QRs=,2T3d0c1DMNzezEXztW+t7h4p/50=
8,-5,WzvpyMvak0Pr7qkl5ElUT509QRs=,nuXRxUNsuUIR6IAzzDw/kTM0T4k=
8,-10,WzvpyMvak0Pr7qkl5ElUT509QRs=,J4FQnoTxtRoARL5UNq02h7RovcU=
11,-12,WzvpyMvak0Pr7qkl5ElUT509QRs=,J4FQnoTxtRoARL5UNq02h7RovcU=
9,-8,WzvpyMvak0Pr7qkl5ElUT509QRs=,nuXRxUNsuUIR6IAzzDw/kTM0T4k=
4,-10,WzvpyMvak0Pr7qkl5ElUT509QRs=,PxJ3JUFxwPbP7Yx+8VPkjuZ6Gr4=
10,-7,WzvpyMvak0Pr7qkl5ElUT509QRs=,nuXRxUNsuUIR6IAzzDw/kTM0T4k=
10,-8,WzvpyMvak0Pr7qkl5ElUT509QRs=,nuXRxUNsuUIR6IAzzDw/kTM0T4k=
11,-8,WzvpyMvak0Pr7qkl5ElUT509QRs=,nuXRxUNsuUIR6IAzzDw/kTM0T4k=
9,-7,WzvpyMvak0Pr7qkl5ElUT509QRs=,nuXRxUNsuUIR6IAzzDw/kTM0T4k=
8,-6,WzvpyMvak0Pr7qkl5ElUT509QRs=,nuXRxUNsuUIR6IAzzDw/kTM0T4k=
11,-7,WzvpyMvak0Pr7qkl5ElUT509QRs=,nuXRxUNsuUIR6IAzzDw/kTM0T4k=
4,-8,WzvpyMvak0Pr7qkl5ElUT509QRs=,2T3d0c1DMNzezEXztW+t7h4p/50=
11,-6,WzvpyMvak0Pr7qkl5ElUT509QRs=,nuXRxUNsuUIR6IAzzDw/kTM0T4k=
0,-9,WzvpyMvak0Pr7qkl5ElUT509QRs=,PxJ3JUFxwPbP7Yx+8VPkjuZ6Gr4=
5,-10,WzvpyMvak0Pr7qkl5ElUT509QRs=,PxJ3JUFxwPbP7Yx+8VPkjuZ6Gr4=
9,-6,WzvpyMvak0Pr7qkl5ElUT509QRs=,nuXRxUNsuUIR6IAzzDw/kTM0T4k=
9,-5,WzvpyMvak0Pr7qkl5ElUT509QRs=,nuXRxUNsuUIR6IAzzDw/kTM0T4k=
9,-11,WzvpyMvak0Pr7qkl5ElUT509QRs=,J4FQnoTxtRoARL5UNq02h7RovcU=
10,-5,WzvpyMvak0Pr7qkl5ElUT509QRs=,nuXRxUNsuUIR6IAzzDw/kTM0T4k=
0,-10,WzvpyMvak0Pr7qkl5ElUT509QRs=,PxJ3JUFxwPbP7Yx+8VPkjuZ6Gr4=
0,-5,WzvpyMvak0Pr7qkl5ElUT509QRs=,2T3d0c1DMNzezEXztW+t7h4p/50=
7,-5,WzvpyMvak0Pr7qkl5ElUT509QRs=,2T3d0c1DMNzezEXztW+t7h4p/50=
1,-7,WzvpyMvak0Pr7qkl5ElUT509QRs=,2T3d0c1DMNzezEXztW+t7h4p/50=
10,-11,WzvpyMvak0Pr7qkl5ElUT509QRs=,J4FQnoTxtRoARL5UNq02h7RovcU=
2,-7,WzvpyMvak0Pr7qkl5ElUT509QRs=,2T3d0c1DMNzezEXztW+t7h4p/50=
6,-10,WzvpyMvak0Pr7qkl5ElUT509QRs=,PxJ3JUFxwPbP7Yx+8VPkjuZ6Gr4=
3,-9,WzvpyMvak0Pr7qkl5ElUT509QRs=,PxJ3JUFxwPbP7Yx+8VPkjuZ6Gr4=
0,-11,WzvpyMvak0Pr7qkl5ElUT509QRs=,PxJ3JUFxwPbP7Yx+8VPkjuZ6Gr4=
2,-9,WzvpyMvak0Pr7qkl5ElUT509QRs=,PxJ3JUFxwPbP7Yx+8VPkjuZ6Gr4=
3,-7,WzvpyMvak0Pr7qkl5ElUT509QRs=,2T3d0c1DMNzezEXztW+t7h4p/50=
0,-6,WzvpyMvak0Pr7qkl5ElUT509QRs=,2T3d0c1DMNzezEXztW+t7h4p/50=
11,-11,WzvpyMvak0Pr7qkl5ElUT509QRs=,J4FQnoTxtRoARL5UNq02h7RovcU=
1,-9,WzvpyMvak0Pr7qkl5ElUT509QRs=,PxJ3JUFxwPbP7Yx+8VPkjuZ6Gr4=
7,-10,WzvpyMvak0Pr7qkl5ElUT509QRs=,PxJ3JUFxwPbP7Yx+8VPkjuZ6Gr4=
6,-5,WzvpyMvak0Pr7qkl5ElUT509QRs=,2T3d0c1DMNzezEXztW+t7h4p/50=
11,-5,WzvpyMvak0Pr7qkl5ElUT509QRs=,nuXRxUNsuUIR6IAzzDw/kTM0T4k=
1,-6,WzvpyMvak0Pr7qkl5ElUT509QRs=,2T3d0c1DMNzezEXztW+t7h4p/50=
0,-12,WzvpyMvak0Pr7qkl5ElUT509QRs=,PxJ3JUFxwPbP7Yx+8VPkjuZ6Gr4=
2,-10,WzvpyMvak0Pr7qkl5ElUT509QRs=,PxJ3JUFxwPbP7Yx+8VPkjuZ6Gr4=
3,-10,WzvpyMvak0Pr7qkl5ElUT509QRs=,PxJ3JUFxwPbP7Yx+8VPkjuZ6Gr4=
8,-9,WzvpyMvak0Pr7qkl5ElUT509QRs=,J4FQnoTxtRoARL5UNq02h7RovcU=
2,-6,WzvpyMvak0Pr7qkl5ElUT509QRs=,2T3d0c1DMNzezEXztW+t7h4p/50=
0,-7,WzvpyMvak0Pr7qkl5ElUT509QRs=,2T3d0c1DMNzezEXztW+t7h4p/50=
5,-5,WzvpyMvak0Pr7qkl5ElUT509QRs=,2T3d0c1DMNzezEXztW+t7h4p/50=
1,-12,WzvpyMvak0Pr7qkl5ElUT509QRs=,PxJ3JUFxwPbP7Yx+8VPkjuZ6Gr4=
1,-10,WzvpyMvak0Pr7qkl5ElUT509QRs=,PxJ3JUFxwPbP7Yx+8VPkjuZ6Gr4=
4,-9,WzvpyMvak0Pr7qkl5ElUT509QRs=,PxJ3JUFxwPbP7Yx+8VPkjuZ6Gr4=
5,-7,WzvpyMvak0Pr7qkl5ElUT509QRs=,2T3d0c1DMNzezEXztW+t7h4p/50=
1,-5,WzvpyMvak0Pr7qkl5ElUT509QRs=,2T3d0c1DMNzezEXztW+t7h4p/50=
6,-7,WzvpyMvak0Pr7qkl5ElUT509QRs=,2T3d0c1DMNzezEXztW+t7h4p/50=
3,-6,WzvpyMvak0Pr7qkl5ElUT509QRs=,2T3d0c1DMNzezEXztW+t7h4p/50=
2,-12,WzvpyMvak0Pr7qkl5ElUT509QRs=,PxJ3JUFxwPbP7Yx+8VPkjuZ6Gr4=
3,-11,WzvpyMvak0Pr7qkl5ElUT509QRs=,PxJ3JUFxwPbP7Yx+8VPkjuZ6Gr4=
2,-11,WzvpyMvak0Pr7qkl5ElUT509QRs=,PxJ3JUFxwPbP7Yx+8VPkjuZ6Gr4=
5,-9,WzvpyMvak0Pr7qkl5ElUT509QRs=,PxJ3JUFxwPbP7Yx+8VPkjuZ6Gr4=
1,-11,WzvpyMvak0Pr7qkl5ElUT509QRs=,PxJ3JUFxwPbP7Yx+8VPkjuZ6Gr4=
4,-5,hXf175cwYZxK7Knu3jrwfjm7wHw=,2T3d0c1DMNzezEXztW+t7h4p/50=
0,-8,hXf175cwYZxK7Knu3jrwfjm7wHw=,2T3d0c1DMNzezEXztW+t7h4p/50=
3,-12,hXf175cwYZxK7Knu3jrwfjm7wHw=,PxJ3JUFxwPbP7Yx+8VPkjuZ6Gr4=
9,-10,hXf175cwYZxK7Knu3jrwfjm7wHw=,J4FQnoTxtRoARL5UNq02h7RovcU=
4,-7,hXf175cwYZxK7Knu3jrwfjm7wHw=,2T3d0c1DMNzezEXztW+t7h4p/50=
2,-5,hXf175cwYZxK7Knu3jrwfjm7wHw=,2T3d0c1DMNzezEXztW+t7h4p/50=
6,-9,hXf175cwYZxK7Knu3jrwfjm7wHw=,PxJ3JUFxwPbP7Yx+8VPkjuZ6Gr4=
3,-5,hXf175cwYZxK7Knu3jrwfjm7wHw=,2T3d0c1DMNzezEXztW+t7h4p/50=
1,-8,hXf175cwYZxK7Knu3jrwfjm7wHw=,2T3d0c1DMNzezEXztW+t7h4p/50=
7,-9,hXf175cwYZxK7Knu3jrwfjm7wHw=,PxJ3JUFxwPbP7Yx+8VPkjuZ6Gr4=
8,-7,hXf175cwYZxK7Knu3jrwfjm7wHw=,nuXRxUNsuUIR6IAzzDw/kTM0T4k=
4,-6,hXf175cwYZxK7Knu3jrwfjm7wHw=,2T3d0c1DMNzezEXztW+t7h4p/50=
10,-10,hXf175cwYZxK7Knu3jrwfjm7wHw=,J4FQnoTxtRoARL5UNq02h7RovcU=
3,-8,hXf175cwYZxK7Knu3jrwfjm7wHw=,2T3d0c1DMNzezEXztW+t7h4p/50=
2,-8,hXf175cwYZxK7Knu3jrwfjm7wHw=,2T3d0c1DMNzezEXztW+t7h4p/50=
11,-9,hXf175cwYZxK7Knu3jrwfjm7wHw=,J4FQnoTxtRoARL5UNq02h7RovcU=
6,-6,hXf175cwYZxK7Knu3jrwfjm7wHw=,2T3d0c1DMNzezEXztW+t7h4p/50=
5,-6,hXf175cwYZxK7Knu3jrwfjm7wHw=,2T3d0c1DMNzezEXztW+t7h4p/50=
10,-9,hXf175cwYZxK7Knu3jrwfjm7wHw=,J4FQnoTxtRoARL5UNq02h7RovcU=
9,-9,hXf175cwYZxK7Knu3jrwfjm7wHw=,J4FQnoTxtRoARL5UNq02h7RovcU=
11,-10,hXf175cwYZxK7Knu3jrwfjm7wHw=,J4FQnoTxtRoARL5UNq02h7RovcU=
7,-6,hXf175cwYZxK7Knu3jrwfjm7wHw=,2T3d0c1DMNzezEXztW+t7h4p/50=
7,-7,hXf175cwYZxK7Knu3jrwfjm7wHw=,2T3d0c1DMNzezEXztW+t7h4p/50=
6,-15,hXf175cwYZxK7Knu3jrwfjm7wHw=,PxJ3JUFxwPbP7Yx+8VPkjuZ6Gr4=
0,-16,hXf175cwYZxK7Knu3jrwfjm7wHw=,PxJ3JUFxwPbP7Yx+8VPkjuZ6Gr4=
8,-16,hXf175cwYZxK7Knu3jrwfjm7wHw=,J4FQnoTxtRoARL5UNq02h7RovcU=
9,-15,hXf175cwYZxK7Knu3jrwfjm7wHw=,J4FQnoTxtRoARL5UNq02h7RovcU=
10,-15,hXf175cwYZxK7Knu3jrwfjm7wHw=,J4FQnoTxtRoARL5UNq02h7RovcU=
5,-15,hXf175cwYZxK7Knu3jrwfjm7wHw=,PxJ3JUFxwPbP7Yx+8VPkjuZ6Gr4=
4,-15,hXf175cwYZxK7Knu3jrwfjm7wHw=,PxJ3JUFxwPbP7Yx+8VPkjuZ6Gr4=
1,-16,hXf175cwYZxK7Knu3jrwfjm7wHw=,PxJ3JUFxwPbP7Yx+8VPkjuZ6Gr4=
11,-15,hXf175cwYZxK7Knu3jrwfjm7wHw=,J4FQnoTxtRoARL5UNq02h7RovcU=
7,-15,hXf175cwYZxK7Knu3jrwfjm7wHw=,PxJ3JUFxwPbP7Yx+8VPkjuZ6Gr4=
2,-14,hXf175cwYZxK7Knu3jrwfjm7wHw=,PxJ3JUFxwPbP7Yx+8VPkjuZ6Gr4=
1,-14,hXf175cwYZxK7Knu3jrwfjm7wHw=,PxJ3JUFxwPbP7Yx+8VPkjuZ6Gr4=
3,-14,hXf175cwYZxK7Knu3jrwfjm7wHw=,PxJ3JUFxwPbP7Yx+8VPkjuZ6Gr4=
11,-16,hXf175cwYZxK7Knu3jrwfjm7wHw=,J4FQnoTxtRoARL5UNq02h7RovcU=
15,-8,hXf175cwYZxK7Knu3jrwfjm7wHw=,nuXRxUNsuUIR6IAzzDw/kTM0T4k=
4,-14,hXf175cwYZxK7Knu3jrwfjm7wHw=,PxJ3JUFxwPbP7Yx+8VPkjuZ6Gr4=
6,-14,hXf175cwYZxK7Knu3jrwfjm7wHw=,PxJ3JUFxwPbP7Yx+8VPkjuZ6Gr4=
5,-14,hXf175cwYZxK7Knu3jrwfjm7wHw=,PxJ3JUFxwPbP7Yx+8VPkjuZ6Gr4=
11,-14,hXf175cwYZxK7Knu3jrwfjm7wHw=,J4FQnoTxtRoARL5UNq02h7RovcU=
2,-16,hXf175cwYZxK7Knu3jrwfjm7wHw=,PxJ3JUFxwPbP7Yx+8VPkjuZ6Gr4=
10,-16,hXf175cwYZxK7Knu3jrwfjm7wHw=,J4FQnoTxtRoARL5UNq02h7RovcU=
7,-14,hXf175cwYZxK7Knu3jrwfjm7wHw=,PxJ3JUFxwPbP7Yx+8VPkjuZ6Gr4=
10,-14,hXf175cwYZxK7Knu3jrwfjm7wHw=,J4FQnoTxtRoARL5UNq02h7RovcU=
2,-13,hXf175cwYZxK7Knu3jrwfjm7wHw=,PxJ3JUFxwPbP7Yx+8VPkjuZ6Gr4=
1,-13,hXf175cwYZxK7Knu3jrwfjm7wHw=,PxJ3JUFxwPbP7Yx+8VPkjuZ6Gr4=
3,-13,hXf175cwYZxK7Knu3jrwfjm7wHw=,PxJ3JUFxwPbP7Yx+8VPkjuZ6Gr4=
4,-13,hXf175cwYZxK7Knu3jrwfjm7wHw=,PxJ3JUFxwPbP7Yx+8VPkjuZ6Gr4=
10,-13,hXf175cwYZxK7Knu3jrwfjm7wHw=,J4FQnoTxtRoARL5UNq02h7RovcU=
9,-16,hXf175cwYZxK7Knu3jrwfjm7wHw=,J4FQnoTxtRoARL5UNq02h7RovcU=
15,-10,hXf175cwYZxK7Knu3jrwfjm7wHw=,J4FQnoTxtRoARL5UNq02h7RovcU=
9,-14,hXf175cwYZxK7Knu3jrwfjm7wHw=,J4FQnoTxtRoARL5UNq02h7RovcU=
15,-11,hXf175cwYZxK7Knu3jrwfjm7wHw=,J4FQnoTxtRoARL5UNq02h7RovcU=
8,-14,hXf175cwYZxK7Knu3jrwfjm7wHw=,J4FQnoTxtRoARL5UNq02h7RovcU=
9,-13,hXf175cwYZxK7Knu3jrwfjm7wHw=,J4FQnoTxtRoARL5UNq02h7RovcU=
3,-15,hXf175cwYZxK7Knu3jrwfjm7wHw=,PxJ3JUFxwPbP7Yx+8VPkjuZ6Gr4=
15,-9,hXf175cwYZxK7Knu3jrwfjm7wHw=,J4FQnoTxtRoARL5UNq02h7RovcU=
7,-13,hXf175cwYZxK7Knu3jrwfjm7wHw=,PxJ3JUFxwPbP7Yx+8VPkjuZ6Gr4=
15,-7,hXf175cwYZxK7Knu3jrwfjm7wHw=,nuXRxUNsuUIR6IAzzDw/kTM0T4k=
11,-13,hXf175cwYZxK7Knu3jrwfjm7wHw=,J4FQnoTxtRoARL5UNq02h7RovcU=
8,-13,hXf175cwYZxK7Knu3jrwfjm7wHw=,J4FQnoTxtRoARL5UNq02h7RovcU=
8,-15,hXf175cwYZxK7Knu3jrwfjm7wHw=,J4FQnoTxtRoARL5UNq02h7RovcU=
0,-14,hXf175cwYZxK7Knu3jrwfjm7wHw=,PxJ3JUFxwPbP7Yx+8VPkjuZ6Gr4=
6,-13,hXf175cwYZxK7Knu3jrwfjm7wHw=,PxJ3JUFxwPbP7Yx+8VPkjuZ6Gr4=
3,-16,hXf175cwYZxK7Knu3jrwfjm7wHw=,PxJ3JUFxwPbP7Yx+8VPkjuZ6Gr4=
15,-16,hXf175cwYZxK7Knu3jrwfjm7wHw=,J4FQnoTxtRoARL5UNq02h7RovcU=
12,-15,hXf175cwYZxK7Knu3jrwfjm7wHw=,J4FQnoTxtRoARL5UNq02h7RovcU=
0,-13,hXf175cwYZxK7Knu3jrwfjm7wHw=,PxJ3JUFxwPbP7Yx+8VPkjuZ6Gr4=
2,-15,hXf175cwYZxK7Knu3jrwfjm7wHw=,PxJ3JUFxwPbP7Yx+8VPkjuZ6Gr4=
15,-12,hXf175cwYZxK7Knu3jrwfjm7wHw=,J4FQnoTxtRoARL5UNq02h7RovcU=
5,-13,hXf175cwYZxK7Knu3jrwfjm7wHw=,PxJ3JUFxwPbP7Yx+8VPkjuZ6Gr4=
0,-15,hXf175cwYZxK7Knu3jrwfjm7wHw=,PxJ3JUFxwPbP7Yx+8VPkjuZ6Gr4=
15,-13,hXf175cwYZxK7Knu3jrwfjm7wHw=,J4FQnoTxtRoARL5UNq02h7RovcU=
4,-16,hXf175cwYZxK7Knu3jrwfjm7wHw=,PxJ3JUFxwPbP7Yx+8VPkjuZ6Gr4=
7,-16,hXf175cwYZxK7Knu3jrwfjm7wHw=,PxJ3JUFxwPbP7Yx+8VPkjuZ6Gr4=
6,-16,hXf175cwYZxK7Knu3jrwfjm7wHw=,PxJ3JUFxwPbP7Yx+8VPkjuZ6Gr4=
15,-6,hXf175cwYZxK7Knu3jrwfjm7wHw=,nuXRxUNsuUIR6IAzzDw/kTM0T4k=
12,-5,hXf175cwYZxK7Knu3jrwfjm7wHw=,nuXRxUNsuUIR6IAzzDw/kTM0T4k=
12,-8,hXf175cwYZxK7Knu3jrwfjm7wHw=,nuXRxUNsuUIR6IAzzDw/kTM0T4k=
13,-5,hXf175cwYZxK7Knu3jrwfjm7wHw=,nuXRxUNsuUIR6IAzzDw/kTM0T4k=
5,-16,hXf175cwYZxK7Knu3jrwfjm7wHw=,PxJ3JUFxwPbP7Yx+8VPkjuZ6Gr4=
13,-15,hXf175cwYZxK7Knu3jrwfjm7wHw=,J4FQnoTxtRoARL5UNq02h7RovcU=
1,-15,hXf175cwYZxK7Knu3jrwfjm7wHw=,PxJ3JUFxwPbP7Yx+8VPkjuZ6Gr4=
14,-5,hXf175cwYZxK7Knu3jrwfjm7wHw=,nuXRxUNsuUIR6IAzzDw/kTM0T4k=
15,-5,hXf175cwYZxK7Knu3jrwfjm7wHw=,nuXRxUNsuUIR6IAzzDw/kTM0T4k=
14,-15,hXf175cwYZxK7Knu3jrwfjm7wHw=,J4FQnoTxtRoARL5UNq02h7RovcU=
12,-7,hXf175cwYZxK7Knu3jrwfjm7wHw=,nuXRxUNsuUIR6IAzzDw/kTM0T4k=
12,-6,hXf175cwYZxK7Knu3jrwfjm7wHw=,nuXRxUNsuUIR6IAzzDw/kTM0T4k=
14,-14,hXf175cwYZxK7Knu3jrwfjm7wHw=,J4FQnoTxtRoARL5UNq02h7RovcU=
12,-13,hXf175cwYZxK7Knu3jrwfjm7wHw=,J4FQnoTxtRoARL5UNq02h7RovcU=
13,-14,hXf175cwYZxK7Knu3jrwfjm7wHw=,J4FQnoTxtRoARL5UNq02h7RovcU=
14,-7,hXf175cwYZxK7Knu3jrwfjm7wHw=,nuXRxUNsuUIR6IAzzDw/kTM0T4k=
13,-6,hXf175cwYZxK7Knu3jrwfjm7wHw=,nuXRxUNsuUIR6IAzzDw/kTM0T4k=
13,-13,hXf175cwYZxK7Knu3jrwfjm7wHw=,J4FQnoTxtRoARL5UNq02h7RovcU=
15,-14,hXf175cwYZxK7Knu3jrwfjm7wHw=,J4FQnoTxtRoARL5UNq02h7RovcU=
12,-10,hXf175cwYZxK7Knu3jrwfjm7wHw=,J4FQnoTxtRoARL5UNq02h7RovcU=
14,-13,hXf175cwYZxK7Knu3jrwfjm7wHw=,J4FQnoTxtRoARL5UNq02h7RovcU=
12,-11,hXf175cwYZxK7Knu3jrwfjm7wHw=,J4FQnoTxtRoARL5UNq02h7RovcU=
13,-8,hXf175cwYZxK7Knu3jrwfjm7wHw=,nuXRxUNsuUIR6IAzzDw/kTM0T4k=
15,-15,hXf175cwYZxK7Knu3jrwfjm7wHw=,J4FQnoTxtRoARL5UNq02h7RovcU=
13,-10,hXf175cwYZxK7Knu3jrwfjm7wHw=,J4FQnoTxtRoARL5UNq02h7RovcU=
14,-11,hXf175cwYZxK7Knu3jrwfjm7wHw=,J4FQnoTxtRoARL5UNq02h7RovcU=
12,-9,hXf175cwYZxK7Knu3jrwfjm7wHw=,J4FQnoTxtRoARL5UNq02h7RovcU=
0,-1,hXf175cwYZxK7Knu3jrwfjm7wHw=,2T3d0c1DMNzezEXztW+t7h4p/50=
13,-7,hXf175cwYZxK7Knu3jrwfjm7wHw=,nuXRxUNsuUIR6IAzzDw/kTM0T4k=
14,-10,hXf175cwYZxK7Knu3jrwfjm7wHw=,J4FQnoTxtRoARL5UNq02h7RovcU=
12,-14,hXf175cwYZxK7Knu3jrwfjm7wHw=,J4FQnoTxtRoARL5UNq02h7RovcU=
13,-9,hXf175cwYZxK7Knu3jrwfjm7wHw=,J4FQnoTxtRoARL5UNq02h7RovcU=
14,-16,hXf175cwYZxK7Knu3jrwfjm7wHw=,J4FQnoTxtRoARL5UNq02h7RovcU=
14,-12,hXf175cwYZxK7Knu3jrwfjm7wHw=,J4FQnoTxtRoARL5UNq02h7RovcU=
13,-16,hXf175cwYZxK7Knu3jrwfjm7wHw=,J4FQnoTxtRoARL5UNq02h7RovcU=
14,-9,hXf175cwYZxK7Knu3jrwfjm7wHw=,J4FQnoTxtRoARL5UNq02h7RovcU=
3,-1,hXf175cwYZxK7Knu3jrwfjm7wHw=,2T3d0c1DMNzezEXztW+t7h4p/50=
12,-16,hXf175cwYZxK7Knu3jrwfjm7wHw=,J4FQnoTxtRoARL5UNq02h7RovcU=
14,-8,hXf175cwYZxK7Knu3jrwfjm7wHw=,nuXRxUNsuUIR6IAzzDw/kTM0T4k=
2,-4,hXf175cwYZxK7Knu3jrwfjm7wHw=,2T3d0c1DMNzezEXztW+t7h4p/50=
1,-4,hXf175cwYZxK7Knu3jrwfjm7wHw=,2T3d0c1DMNzezEXztW+t7h4p/50=
1,-3,hXf175cwYZxK7Knu3jrwfjm7wHw=,2T3d0c1DMNzezEXztW+t7h4p/50=
3,-4,hXf175cwYZxK7Knu3jrwfjm7wHw=,2T3d0c1DMNzezEXztW+t7h4p/50=
13,-12,hXf175cwYZxK7Knu3jrwfjm7wHw=,J4FQnoTxtRoARL5UNq02h7RovcU=
2,-3,hXf175cwYZxK7Knu3jrwfjm7wHw=,2T3d0c1DMNzezEXztW+t7h4p/50=
14,-6,hXf175cwYZxK7Knu3jrwfjm7wHw=,nuXRxUNsuUIR6IAzzDw/kTM0T4k=
0,-2,hXf175cwYZxK7Knu3jrwfjm7wHw=,2T3d0c1DMNzezEXztW+t7h4p/50=
1,-2,hXf175cwYZxK7Knu3jrwfjm7wHw=,2T3d0c1DMNzezEXztW+t7h4p/50=
2,-2,hXf175cwYZxK7Knu3jrwfjm7wHw=,2T3d0c1DMNzezEXztW+t7h4p/50=
13,-11,hXf175cwYZxK7Knu3jrwfjm7wHw=,J4FQnoTxtRoARL5UNq02h7RovcU=
3,-3,hXf175cwYZxK7Knu3jrwfjm7wHw=,2T3d0c1DMNzezEXztW+t7h4p/50=
12,-12,hXf175cwYZxK7Knu3jrwfjm7wHw=,J4FQnoTxtRoARL5UNq02h7RovcU=
0,-4,hXf175cwYZxK7Knu3jrwfjm7wHw=,2T3d0c1DMNzezEXztW+t7h4p/50=
3,-2,hXf175cwYZxK7Knu3jrwfjm7wHw=,2T3d0c1DMNzezEXztW+t7h4p/50=
0,-3,hXf175cwYZxK7Knu3jrwfjm7wHw=,2T3d0c1DMNzezEXztW+t7h4p/50=
5,-2,hXf175cwYZxK7Knu3jrwfjm7wHw=,2T3d0c1DMNzezEXztW+t7h4p/50=
1,-1,hXf175cwYZxK7Knu3jrwfjm7wHw=,2T3d0c1DMNzezEXztW+t7h4p/50=
7,-1,hXf175cwYZxK7Knu3jrwfjm7wHw=,2T3d0c1DMNzezEXztW+t7h4p/50=
4,-2,hXf175cwYZxK7Knu3jrwfjm7wHw=,2T3d0c1DMNzezEXztW+t7h4p/50=
11,-1,hXf175cwYZxK7Knu3jrwfjm7wHw=,nuXRxUNsuUIR6IAzzDw/kTM0T4k=
4,-1,hXf175cwYZxK7Knu3jrwfjm7wHw=,2T3d0c1DMNzezEXztW+t7h4p/50=
7,-2,hXf175cwYZxK7Knu3jrwfjm7wHw=,2T3d0c1DMNzezEXztW+t7h4p/50=
14,-4,hXf175cwYZxK7Knu3jrwfjm7wHw=,nuXRxUNsuUIR6IAzzDw/kTM0T4k=
5,-1,hXf175cwYZxK7Knu3jrwfjm7wHw=,2T3d0c1DMNzezEXztW+t7h4p/50=
9,-2,hXf175cwYZxK7Knu3jrwfjm7wHw=,nuXRxUNsuUIR6IAzzDw/kTM0T4k=
6,-2,hXf175cwYZxK7Knu3jrwfjm7wHw=,2T3d0c1DMNzezEXztW+t7h4p/50=
7,-3,hXf175cwYZxK7Knu3jrwfjm7wHw=,2T3d0c1DMNzezEXztW+t7h4p/50=
6,-1,hXf175cwYZxK7Knu3jrwfjm7wHw=,2T3d0c1DMNzezEXztW+t7h4p/50=
2,-1,hXf175cwYZxK7Knu3jrwfjm7wHw=,2T3d0c1DMNzezEXztW+t7h4p/50=
7,-4,hXf175cwYZxK7Knu3jrwfjm7wHw=,2T3d0c1DMNzezEXztW+t7h4p/50=
9,-3,hXf175cwYZxK7Knu3jrwfjm7wHw=,nuXRxUNsuUIR6IAzzDw/kTM0T4k=
9,-4,hXf175cwYZxK7Knu3jrwfjm7wHw=,nuXRxUNsuUIR6IAzzDw/kTM0T4k=
4,-4,hXf175cwYZxK7Knu3jrwfjm7wHw=,2T3d0c1DMNzezEXztW+t7h4p/50=
10,-2,hXf175cwYZxK7Knu3jrwfjm7wHw=,nuXRxUNsuUIR6IAzzDw/kTM0T4k=
4,-3,hXf175cwYZxK7Knu3jrwfjm7wHw=,2T3d0c1DMNzezEXztW+t7h4p/50=
12,-1,hXf175cwYZxK7Knu3jrwfjm7wHw=,nuXRxUNsuUIR6IAzzDw/kTM0T4k=
6,-3,hXf175cwYZxK7Knu3jrwfjm7wHw=,2T3d0c1DMNzezEXztW+t7h4p/50=
5,-4,hXf175cwYZxK7Knu3jrwfjm7wHw=,2T3d0c1DMNzezEXztW+t7h4p/50=
6,-4,hXf175cwYZxK7Knu3jrwfjm7wHw=,2T3d0c1DMNzezEXztW+t7h4p/50=
12,-2,hXf175cwYZxK7Knu3jrwfjm7wHw=,nuXRxUNsuUIR6IAzzDw/kTM0T4k=
10,-4,hXf175cwYZxK7Knu3jrwfjm7wHw=,nuXRxUNsuUIR6IAzzDw/kTM0T4k=
10,-3,hXf175cwYZxK7Knu3jrwfjm7wHw=,nuXRxUNsuUIR6IAzzDw/kTM0T4k=
13,-2,hXf175cwYZxK7Knu3jrwfjm7wHw=,nuXRxUNsuUIR6IAzzDw/kTM0T4k=
11,-3,hXf175cwYZxK7Knu3jrwfjm7wHw=,nuXRxUNsuUIR6IAzzDw/kTM0T4k=
14,-2,hXf175cwYZxK7Knu3jrwfjm7wHw=,nuXRxUNsuUIR6IAzzDw/kTM0T4k=
13,-1,hXf175cwYZxK7Knu3jrwfjm7wHw=,nuXRxUNsuUIR6IAzzDw/kTM0T4k=
12,-3,hXf175cwYZxK7Knu3jrwfjm7wHw=,nuXRxUNsuUIR6IAzzDw/kTM0T4k=
12,-4,hXf175cwYZxK7Knu3jrwfjm7wHw=,nuXRxUNsuUIR6IAzzDw/kTM0T4k=
5,-3,hXf175cwYZxK7Knu3jrwfjm7wHw=,2T3d0c1DMNzezEXztW+t7h4p/50=
13,-3,hXf175cwYZxK7Knu3jrwfjm7wHw=,nuXRxUNsuUIR6IAzzDw/kTM0T4k=
11,-4,hXf175cwYZxK7Knu3jrwfjm7wHw=,nuXRxUNsuUIR6IAzzDw/kTM0T4k=
13,-4,hXf175cwYZxK7Knu3jrwfjm7wHw=,nuXRxUNsuUIR6IAzzDw/kTM0T4k=
8,-2,hXf175cwYZxK7Knu3jrwfjm7wHw=,nuXRxUNsuUIR6IAzzDw/kTM0T4k=
14,-3,hXf175cwYZxK7Knu3jrwfjm7wHw=,nuXRxUNsuUIR6IAzzDw/kTM0T4k=
11,-2,hXf175cwYZxK7Knu3jrwfjm7wHw=,nuXRxUNsuUIR6IAzzDw/kTM0T4k=
8,-3,hXf175cwYZxK7Knu3jrwfjm7wHw=,nuXRxUNsuUIR6IAzzDw/kTM0T4k=
8,-4,hXf175cwYZxK7Knu3jrwfjm7wHw=,nuXRxUNsuUIR6IAzzDw/kTM0T4k=
14,-1,hXf175cwYZxK7Knu3jrwfjm7wHw=,nuXRxUNsuUIR6IAzzDw/kTM0T4k=
8,-1,hXf175cwYZxK7Knu3jrwfjm7wHw=,nuXRxUNsuUIR6IAzzDw/kTM0T4k=
15,-3,hXf175cwYZxK7Knu3jrwfjm7wHw=,nuXRxUNsuUIR6IAzzDw/kTM0T4k=
15,-4,hXf175cwYZxK7Knu3jrwfjm7wHw=,nuXRxUNsuUIR6IAzzDw/kTM0T4k=
9,-1,hXf175cwYZxK7Knu3jrwfjm7wHw=,nuXRxUNsuUIR6IAzzDw/kTM0T4k=
15,-2,hXf175cwYZxK7Knu3jrwfjm7wHw=,nuXRxUNsuUIR6IAzzDw/kTM0T4k=
10,-1,hXf175cwYZxK7Knu3jrwfjm7wHw=,nuXRxUNsuUIR6IAzzDw/kTM0T4k=
15,-1,hXf175cwYZxK7Knu3jrwfjm7wHw=,nuXRxUNsuUIR6IAzzDw/kTM0T4k=
